condition	position_bp	signal
NT	-9950	1.60944735910423
NT	-9850	1.87664764046894
NT	-9750	1.93873428830777
NT	-9650	1.72102477127735
NT	-9550	1.5466563385596
NT	-9450	1.53043583641123
NT	-9350	1.60188641299832
NT	-9250	1.82983429027118
NT	-9150	1.89764005508921
NT	-9050	1.78890433488888
NT	-8950	1.63682979899269
NT	-8850	1.51886973943602
NT	-8750	1.48996155009532
NT	-8650	1.59710944495348
NT	-8550	1.63910419722278
NT	-8450	1.68175758034317
NT	-8350	1.67545848450616
NT	-8250	1.61137229766952
NT	-8150	1.78635959195288
NT	-8050	1.80440754303844
NT	-7950	1.77024597911391
NT	-7850	1.7713891376092
NT	-7750	1.66901297322369
NT	-7650	1.60770440079105
NT	-7550	1.66758181293572
NT	-7450	1.73686694050024
NT	-7350	1.80294769487522
NT	-7250	1.71968872922061
NT	-7150	1.61430348240048
NT	-7050	1.54948456850582
NT	-6950	1.63318192578892
NT	-6850	1.73261837748627
NT	-6750	1.71932190023618
NT	-6650	1.68243387186637
NT	-6550	1.77950165603392
NT	-6450	1.86485032814501
NT	-6350	1.81966237347409
NT	-6250	1.7882537189483
NT	-6150	1.73386366496884
NT	-6050	1.67787825990951
NT	-5950	1.65584039123012
NT	-5850	1.65179011831659
NT	-5750	1.62883878152121
NT	-5650	1.6497106066642
NT	-5550	1.7136688395413
NT	-5450	1.61623040389267
NT	-5350	1.51035350564835
NT	-5250	1.5338057291637
NT	-5150	1.63459553344905
NT	-5050	1.56552347175824
NT	-4950	1.56264280676095
NT	-4850	1.62947151569303
NT	-4750	1.73504130125487
NT	-4650	1.76299185513474
NT	-4550	1.69581044839655
NT	-4450	1.56931372640355
NT	-4350	1.43636351634749
NT	-4250	1.42628387533791
NT	-4150	1.60532989132971
NT	-4050	1.83162080997638
NT	-3950	1.83578209549555
NT	-3850	1.78479079745611
NT	-3750	1.83981931497026
NT	-3650	1.8567487368466
NT	-3550	1.72013232484421
NT	-3450	1.61972616290584
NT	-3350	1.58075010889793
NT	-3250	1.61403935110833
NT	-3150	1.61214683885838
NT	-3050	1.50987657083914
NT	-2950	1.56964454079048
NT	-2850	1.6596245133597
NT	-2750	1.60705692137837
NT	-2650	1.59957559807074
NT	-2550	1.64233399846342
NT	-2450	1.63968600887801
NT	-2350	1.63655425080386
NT	-2250	1.70013233505961
NT	-2150	1.72488400233332
NT	-2050	1.59600475559855
NT	-1950	1.52100202435762
NT	-1850	1.59518160820078
NT	-1750	1.74207747989642
NT	-1650	1.81898990208576
NT	-1550	1.72533818680818
NT	-1450	1.59626096528469
NT	-1350	1.51806894963435
NT	-1250	1.51055370645648
NT	-1150	1.57346829826708
NT	-1050	1.7143754197422
NT	-950	1.86382637649034
NT	-850	1.87916158574965
NT	-750	1.84237726281194
NT	-650	1.88013512722306
NT	-550	1.95278155274166
NT	-450	2.07972584554534
NT	-350	2.35458460105853
NT	-250	2.59031993870757
NT	-150	2.83216170864753
NT	-50	3.16860834331161
NT	50	3.22949109361751
NT	150	3.10526681882594
NT	250	2.83962590086219
NT	350	2.46789240762029
NT	450	2.31240303716245
NT	550	2.33034626813306
NT	650	2.26867670198902
NT	750	2.23793577230174
NT	850	2.16895897089036
NT	950	2.00047362305438
NT	1050	1.92593967589563
NT	1150	1.81699604806078
NT	1250	1.75039685126483
NT	1350	1.77880495381726
NT	1450	1.77985909233702
NT	1550	1.841058676294
NT	1650	1.95785651179467
NT	1750	1.87848909506872
NT	1850	1.67578592160601
NT	1950	1.57358987576473
NT	2050	1.73555763514782
NT	2150	1.81157371553368
NT	2250	1.74650012175967
NT	2350	1.70696988737444
NT	2450	1.73363977639928
NT	2550	1.83279159198133
NT	2650	1.90918114119455
NT	2750	1.84711572537917
NT	2850	1.80500493415474
NT	2950	1.7473404802948
NT	3050	1.84395678049683
NT	3150	1.86321349733944
NT	3250	1.74582751899383
NT	3350	1.68974182807387
NT	3450	1.61088910633697
NT	3550	1.60565266627778
NT	3650	1.59868598730899
NT	3750	1.65141713291409
NT	3850	1.61877992095154
NT	3950	1.53556246222576
NT	4050	1.53886719309678
NT	4150	1.61335826614119
NT	4250	1.72519377275702
NT	4350	1.81978647167288
NT	4450	1.79426333864496
NT	4550	1.65953523580798
NT	4650	1.65835442662835
NT	4750	1.69514591261418
NT	4850	1.68170658429844
NT	4950	1.62103745986398
NT	5050	1.52851150818086
NT	5150	1.57920397180093
NT	5250	1.63159101684546
NT	5350	1.63725135170589
NT	5450	1.70620794243519
NT	5550	1.75335293344336
NT	5650	1.7311937228182
NT	5750	1.7474455805139
NT	5850	1.68464172259056
NT	5950	1.74183222832428
NT	6050	1.82679736149447
NT	6150	1.81665035600262
NT	6250	1.68295768101756
NT	6350	1.56739859878212
NT	6450	1.62619974851322
NT	6550	1.70928344330308
NT	6650	1.75843929519392
NT	6750	1.86178717494238
NT	6850	1.8026702452551
NT	6950	1.66266430125487
NT	7050	1.63123866906639
NT	7150	1.59668623159662
NT	7250	1.64169404293885
NT	7350	1.63425794365877
NT	7450	1.71437599334149
NT	7550	1.74180326281194
NT	7650	1.67209930825484
NT	7750	1.56205045878269
NT	7850	1.60338198813419
NT	7950	1.77446911191418
NT	8050	1.69501564715591
NT	8150	1.60723072025723
NT	8250	1.5792681665481
NT	8350	1.53895336590502
NT	8450	1.5756697280255
NT	8550	1.62228889076061
NT	8650	1.5814993251003
NT	8750	1.67749622149503
NT	8850	1.79689819235694
NT	8950	1.83417859158296
NT	9050	1.78882322707225
NT	9150	1.68289077691148
NT	9250	1.8573362193609
NT	9350	2.01516468295251
NT	9450	2.0003162870842
NT	9550	1.80401608951996
NT	9650	1.59580810275161
NT	9750	1.49675747329482
NT	9850	1.47291937051475
NT	9950	1.53592122320234
RHPS4	-9950	1.74577556486356
RHPS4	-9850	1.90050506968671
RHPS4	-9750	2.00147578026919
RHPS4	-9650	1.94113075929773
RHPS4	-9550	1.85875600173577
RHPS4	-9450	1.87588607452409
RHPS4	-9350	1.95322736838062
RHPS4	-9250	1.92655181717554
RHPS4	-9150	1.84722994456933
RHPS4	-9050	1.89649490797598
RHPS4	-8950	1.88433949201833
RHPS4	-8850	1.9019394976809
RHPS4	-8750	1.8890692339584
RHPS4	-8650	1.87266660757477
RHPS4	-8550	1.83557852144097
RHPS4	-8450	1.68193973280596
RHPS4	-8350	1.76823797985374
RHPS4	-8250	1.818859638847
RHPS4	-8150	1.79025058583502
RHPS4	-8050	1.85295763341206
RHPS4	-7950	1.87553632749054
RHPS4	-7850	1.81691663628603
RHPS4	-7750	1.73818708465413
RHPS4	-7650	1.75719193927667
RHPS4	-7550	1.77803855769286
RHPS4	-7450	1.82665924186894
RHPS4	-7350	1.79104285951683
RHPS4	-7250	1.81577577022451
RHPS4	-7150	1.95438426818997
RHPS4	-7050	1.96378629852318
RHPS4	-6950	1.79141283643969
RHPS4	-6850	1.66715990481746
RHPS4	-6750	1.72455803326409
RHPS4	-6650	1.71749905870301
RHPS4	-6550	1.70941865293231
RHPS4	-6450	1.59727903619497
RHPS4	-6350	1.57981346743306
RHPS4	-6250	1.58927567114361
RHPS4	-6150	1.55599409441425
RHPS4	-6050	1.56420249164841
RHPS4	-5950	1.67511677380986
RHPS4	-5850	1.73963407944683
RHPS4	-5750	1.78549850798167
RHPS4	-5650	2.01718609233702
RHPS4	-5550	2.04508836012862
RHPS4	-5450	1.86161077284239
RHPS4	-5350	1.77969575158638
RHPS4	-5250	1.77860896545542
RHPS4	-5150	1.84012725939732
RHPS4	-5050	1.95175628389722
RHPS4	-4950	2.06171849002646
RHPS4	-4850	1.96988312799135
RHPS4	-4750	1.84165349585977
RHPS4	-4650	1.84166360990809
RHPS4	-4550	1.99937813277182
RHPS4	-4450	1.95814545192499
RHPS4	-4350	1.76114851888
RHPS4	-4250	1.63417428691347
RHPS4	-4150	1.68672506618672
RHPS4	-4050	1.82300232911248
RHPS4	-3950	1.9045348940045
RHPS4	-3850	1.91346587425661
RHPS4	-3750	1.73879242557551
RHPS4	-3650	1.59262996334974
RHPS4	-3550	1.63896865765586
RHPS4	-3450	1.70554228762485
RHPS4	-3350	1.72986774535469
RHPS4	-3250	1.76757253416043
RHPS4	-3150	1.77618934006772
RHPS4	-3050	1.67836137492531
RHPS4	-2950	1.75464096053268
RHPS4	-2850	1.87148088122813
RHPS4	-2750	1.8381076344649
RHPS4	-2650	1.74664999632928
RHPS4	-2550	1.69358233762058
RHPS4	-2450	1.67244712153203
RHPS4	-2350	1.69744253717668
RHPS4	-2250	1.85105777474888
RHPS4	-2150	1.97273007981675
RHPS4	-2050	1.86788420169024
RHPS4	-1950	1.65087647545742
RHPS4	-1850	1.68618463879009
RHPS4	-1750	1.83677386500868
RHPS4	-1650	1.92209595435791
RHPS4	-1550	1.88361399467888
RHPS4	-1450	1.8782517954927
RHPS4	-1350	1.90131844691688
RHPS4	-1250	1.91721462672509
RHPS4	-1150	1.86756310676379
RHPS4	-1050	1.79912050732721
RHPS4	-950	1.81334464951768
RHPS4	-850	1.97029775124491
RHPS4	-750	2.06470413501978
RHPS4	-650	2.19507073676123
RHPS4	-550	2.45983712232877
RHPS4	-450	2.78152773044419
RHPS4	-350	3.05346052400194
RHPS4	-250	3.15835827655579
RHPS4	-150	3.28228184978516
RHPS4	-50	3.64335538144154
RHPS4	50	3.64811622647469
RHPS4	150	3.46231236618957
RHPS4	250	3.19782282360641
RHPS4	350	2.84987790641095
RHPS4	450	2.69541567287938
RHPS4	550	2.51472982522835
RHPS4	650	2.23127298480494
RHPS4	750	2.1806740611217
RHPS4	850	2.11878835708391
RHPS4	950	2.13353351111174
RHPS4	1050	2.26419841940073
RHPS4	1150	2.33431303073158
RHPS4	1250	2.18427267928179
RHPS4	1350	2.10606135503514
RHPS4	1450	2.1471931814017
RHPS4	1550	2.06558507887773
RHPS4	1650	1.92701584306974
RHPS4	1750	1.8056062482998
RHPS4	1850	1.74221346416071
RHPS4	1950	1.85295867151353
RHPS4	2050	2.06876989229719
RHPS4	2150	2.03603346666477
RHPS4	2250	1.92171334279942
RHPS4	2350	1.88872017656432
RHPS4	2450	1.95982516094244
RHPS4	2550	1.87914960148536
RHPS4	2650	1.82411194317503
RHPS4	2750	1.83473321534872
RHPS4	2850	1.85509516495461
RHPS4	2950	1.81316658378624
RHPS4	3050	1.7196769573457
RHPS4	3150	1.69300212138975
RHPS4	3250	1.72683798244316
RHPS4	3350	1.86057031346214
RHPS4	3450	1.86624006812167
RHPS4	3550	1.77428572665965
RHPS4	3650	1.78566296610989
RHPS4	3750	1.91820954599778
RHPS4	3850	1.9296438719802
RHPS4	3950	1.81658134649859
RHPS4	4050	1.64914830079959
RHPS4	4150	1.66084002045927
RHPS4	4250	1.8042046097089
RHPS4	4350	1.82207133227101
RHPS4	4450	1.78618736120991
RHPS4	4550	1.7845801979057
RHPS4	4650	1.9282922496372
RHPS4	4750	1.93413407091028
RHPS4	4850	1.73448091944342
RHPS4	4950	1.71712917474319
RHPS4	5050	1.75912738255129
RHPS4	5150	1.81623806997126
RHPS4	5250	1.89596331687676
RHPS4	5350	1.89567812477592
RHPS4	5450	1.85192111256865
RHPS4	5550	1.80140279318783
RHPS4	5650	1.61014101613408
RHPS4	5750	1.48509939507156
RHPS4	5850	1.55632323748684
RHPS4	5950	1.71447697965455
RHPS4	6050	1.90617837338873
RHPS4	6150	1.88796533949862
RHPS4	6250	1.79554788364681
RHPS4	6350	1.76991111817432
RHPS4	6450	1.66569144839655
RHPS4	6550	1.64028796189853
RHPS4	6650	1.68100951151012
RHPS4	6750	1.727277053951
RHPS4	6850	1.83557242272999
RHPS4	6950	1.84721378652932
RHPS4	7050	1.87253323264946
RHPS4	7150	1.91335219042199
RHPS4	7250	2.00181758224967
RHPS4	7350	2.0531347572205
RHPS4	7450	1.98827116182455
RHPS4	7550	1.9506604968557
RHPS4	7650	1.84643620473494
RHPS4	7750	1.78178529983211
RHPS4	7850	1.7131902014626
RHPS4	7950	1.67497947742082
RHPS4	8050	1.94162112961329
RHPS4	8150	2.0658723531571
RHPS4	8250	1.97096373713115
RHPS4	8350	1.94600787599237
RHPS4	8450	1.90958925199898
RHPS4	8550	1.85300906920297
RHPS4	8650	1.85799250064024
RHPS4	8750	1.81677819298296
RHPS4	8850	1.73361704410551
RHPS4	8950	1.58843338573827
RHPS4	9050	1.52923112656859
RHPS4	9150	1.6436987963179
RHPS4	9250	1.76767478823663
RHPS4	9350	1.78924628250292
RHPS4	9450	1.77208940579916
RHPS4	9550	1.73045050556299
RHPS4	9650	1.65128519255613
RHPS4	9750	1.60045868611103
RHPS4	9850	1.51447625148678
RHPS4	9950	1.5961588929232
Inh5	-9950	1.83510947881513
Inh5	-9850	1.81714723834049
Inh5	-9750	1.74031054724981
Inh5	-9650	1.77492663406653
Inh5	-9550	1.80546320826338
Inh5	-9450	1.70163381783001
Inh5	-9350	1.62488339467319
Inh5	-9250	1.60897602819907
Inh5	-9150	1.63037293796773
Inh5	-9050	1.56211262649745
Inh5	-8950	1.60117911356458
Inh5	-8850	1.64649520703981
Inh5	-8750	1.66624528159235
Inh5	-8650	1.70246303434539
Inh5	-8550	1.70545610033293
Inh5	-8450	1.7803402036821
Inh5	-8350	1.8226204555388
Inh5	-8250	1.75339160387559
Inh5	-8150	1.64732922619014
Inh5	-8050	1.63808184215918
Inh5	-7950	1.64103673161085
Inh5	-7850	1.65558245607945
Inh5	-7750	1.65588728108016
Inh5	-7650	1.68890601880887
Inh5	-7550	1.72017717721879
Inh5	-7450	1.66957103764619
Inh5	-7350	1.60032026520217
Inh5	-7250	1.596715469055
Inh5	-7150	1.63300754804655
Inh5	-7050	1.61751446373389
Inh5	-6950	1.609459974931
Inh5	-6850	1.63463098554477
Inh5	-6750	1.6348281002191
Inh5	-6650	1.60727408411348
Inh5	-6550	1.56966384261446
Inh5	-6450	1.46503067327775
Inh5	-6350	1.38009503093077
Inh5	-6250	1.53294230065731
Inh5	-6150	1.71984070096463
Inh5	-6050	1.71862764604615
Inh5	-5950	1.71399622769826
Inh5	-5850	1.70641470898899
Inh5	-5750	1.78238703835757
Inh5	-5650	1.72959044446974
Inh5	-5550	1.58173664291609
Inh5	-5450	1.49695557300174
Inh5	-5350	1.38696975027744
Inh5	-5250	1.4181930743249
Inh5	-5150	1.5124234987622
Inh5	-5050	1.56545588230942
Inh5	-4950	1.58754404495917
Inh5	-4850	1.57471360709103
Inh5	-4750	1.6549257756879
Inh5	-4650	1.6514131946049
Inh5	-4550	1.55740510960931
Inh5	-4450	1.53239598284153
Inh5	-4350	1.58113871877757
Inh5	-4250	1.56806077776513
Inh5	-4150	1.60277910075975
Inh5	-4050	1.57104038440088
Inh5	-3950	1.58130066616396
Inh5	-3850	1.67784183609823
Inh5	-3750	1.84986759977805
Inh5	-3650	1.82367454326608
Inh5	-3550	1.61707035179125
Inh5	-3450	1.40150888509803
Inh5	-3350	1.33860394385795
Inh5	-3250	1.47790760211137
Inh5	-3150	1.65969413538969
Inh5	-3050	1.69944888321999
Inh5	-2950	1.6159395529693
Inh5	-2850	1.50709846763225
Inh5	-2750	1.5302440569957
Inh5	-2650	1.59019532492957
Inh5	-2550	1.66625911865805
Inh5	-2450	1.80917066678997
Inh5	-2350	1.920098651225
Inh5	-2250	1.97857653635148
Inh5	-2150	1.9012716507128
Inh5	-2050	1.76521519548701
Inh5	-1950	1.7288998623908
Inh5	-1850	1.65036322345844
Inh5	-1750	1.54225581575278
Inh5	-1650	1.5631880512193
Inh5	-1550	1.60917762874541
Inh5	-1450	1.72987053609538
Inh5	-1350	1.76319760925362
Inh5	-1250	1.72667811495888
Inh5	-1150	1.67173980929346
Inh5	-1050	1.7310660988248
Inh5	-950	1.81095419528782
Inh5	-850	1.71646473152548
Inh5	-750	1.70282589465896
Inh5	-650	1.90511728381185
Inh5	-550	2.09598558577811
Inh5	-450	2.19586730794184
Inh5	-350	2.31499734661241
Inh5	-250	2.42098559590815
Inh5	-150	2.55416625828757
Inh5	-50	2.75141374304983
Inh5	50	2.63169045457132
Inh5	150	2.47327799877643
Inh5	250	2.31401959178215
Inh5	350	2.22683373886692
Inh5	450	2.164311713741
Inh5	550	2.07407018427567
Inh5	650	1.93834684685428
Inh5	750	1.8190021962553
Inh5	850	1.78315188361836
Inh5	950	1.72935239780326
Inh5	1050	1.69875104851606
Inh5	1150	1.63223139046183
Inh5	1250	1.74583155057906
Inh5	1350	1.85725061318043
Inh5	1450	1.73934198719517
Inh5	1550	1.70214540639672
Inh5	1650	1.6651361640725
Inh5	1750	1.67820607460945
Inh5	1850	1.75703516546681
Inh5	1950	1.74585547912813
Inh5	2050	1.8066241637595
Inh5	2150	1.8097674557949
Inh5	2250	1.66665380519591
Inh5	2350	1.61234165512335
Inh5	2450	1.6135325078394
Inh5	2550	1.54521835864895
Inh5	2650	1.43452578120821
Inh5	2750	1.47829576584242
Inh5	2850	1.50617355584327
Inh5	2950	1.50676118951142
Inh5	3050	1.60178009543864
Inh5	3150	1.71841713980024
Inh5	3250	1.80847562535925
Inh5	3350	1.80104904108926
Inh5	3450	1.72492482377714
Inh5	3550	1.78221411054833
Inh5	3650	1.81420403815838
Inh5	3750	1.72237974609453
Inh5	3850	1.64565966570868
Inh5	3950	1.63573734880346
Inh5	4050	1.59175949292889
Inh5	4150	1.62166612898728
Inh5	4250	1.61119807483709
Inh5	4350	1.57679906268674
Inh5	4450	1.60610006203227
Inh5	4550	1.65038878715534
Inh5	4650	1.72653578024073
Inh5	4750	1.80597973124093
Inh5	4850	1.83922223373076
Inh5	4950	1.76746911185727
Inh5	5050	1.61550423424295
Inh5	5150	1.61086900924793
Inh5	5250	1.68029074740347
Inh5	5350	1.65715123580798
Inh5	5450	1.62172981248044
Inh5	5550	1.58112305372336
Inh5	5650	1.50753608015821
Inh5	5750	1.53750741609993
Inh5	5850	1.6611653501124
Inh5	5950	1.72480179939106
Inh5	6050	1.63503899667075
Inh5	6150	1.53881955262783
Inh5	6250	1.63011818424722
Inh5	6350	1.6737086507128
Inh5	6450	1.61823973522465
Inh5	6550	1.56307475687904
Inh5	6650	1.52880532185642
Inh5	6750	1.60949856130666
Inh5	6850	1.62568543650229
Inh5	6950	1.67052138710412
Inh5	7050	1.67110675884244
Inh5	7150	1.70269714367015
Inh5	7250	1.81600520390974
Inh5	7350	1.81930702654867
Inh5	7450	1.76489537717326
Inh5	7550	1.72763333540108
Inh5	7650	1.75940612460518
Inh5	7750	1.81263030444185
Inh5	7850	1.93094791514669
Inh5	7950	1.8927211398287
Inh5	8050	1.63303670437925
Inh5	8150	1.55493768167203
Inh5	8250	1.71386487326068
Inh5	8350	1.77557702580884
Inh5	8450	1.83996714011325
Inh5	8550	1.8645671836212
Inh5	8650	1.69376947753464
Inh5	8750	1.62620396835785
Inh5	8850	1.61385553105882
Inh5	8950	1.64332699507726
Inh5	9050	1.61641752260763
Inh5	9150	1.60629388145577
Inh5	9250	1.69985919858862
Inh5	9350	1.77151222587713
Inh5	9450	1.86126404086162
Inh5	9550	1.8581142271007
Inh5	9650	1.81772059283499
Inh5	9750	1.79494997709359
Inh5	9850	1.74934543880716
Inh5	9950	1.71579074441567
Combo	-9950	1.82104539848618
Combo	-9850	1.76431606749566
Combo	-9750	1.86705477551717
Combo	-9650	1.88921688592323
Combo	-9550	1.90692144318926
Combo	-9450	1.9098617258629
Combo	-9350	1.8450594946362
Combo	-9250	1.8584887230743
Combo	-9150	1.88048398887403
Combo	-9050	1.93257848015252
Combo	-8950	1.9868645942862
Combo	-8850	1.82476269800529
Combo	-8750	1.66860623575107
Combo	-8650	1.66620397609766
Combo	-8550	1.74856362100561
Combo	-8450	1.64716603628034
Combo	-8350	1.55064661687961
Combo	-8250	1.6212513490311
Combo	-8150	1.65162157542043
Combo	-8050	1.60159777355377
Combo	-7950	1.64326153142873
Combo	-7850	1.89462718919842
Combo	-7750	1.96396658532282
Combo	-7650	1.84617222334462
Combo	-7550	1.85072618128788
Combo	-7450	1.82394804236975
Combo	-7350	1.84837595008963
Combo	-7250	1.87723422038528
Combo	-7150	1.79696828079561
Combo	-7050	1.76371132125886
Combo	-6950	1.73818491913041
Combo	-6850	1.6613206408104
Combo	-6750	1.8040187266881
Combo	-6650	1.94575424024699
Combo	-6550	1.9635064736932
Combo	-6450	1.90964385940301
Combo	-6350	1.92202674028967
Combo	-6250	1.90866579156589
Combo	-6150	1.77995334806363
Combo	-6050	1.6551577456677
Combo	-5950	1.77085976410665
Combo	-5850	1.82667540414876
Combo	-5750	1.76439627112085
Combo	-5650	1.77271635142134
Combo	-5550	1.78286377019606
Combo	-5450	1.81193422146658
Combo	-5350	1.79770856779444
Combo	-5250	1.75793253194093
Combo	-5150	1.639132091398
Combo	-5050	1.55018368141593
Combo	-4950	1.65573490316706
Combo	-4850	1.84102139882765
Combo	-4750	1.84948018732038
Combo	-4650	1.77532677674075
Combo	-4550	1.67212851131093
Combo	-4450	1.6112860814956
Combo	-4350	1.6547505824204
Combo	-4250	1.61821035751074
Combo	-4150	1.62636735634408
Combo	-4050	1.70932730970606
Combo	-3950	1.83768008234926
Combo	-3850	1.9149189325897
Combo	-3750	1.89327152883931
Combo	-3650	1.85687255222946
Combo	-3550	1.80832715744245
Combo	-3450	1.74233094095552
Combo	-3350	1.7052571260564
Combo	-3250	1.64152397404889
Combo	-3150	1.72077899405287
Combo	-3050	1.80681569681018
Combo	-2950	1.79472669729391
Combo	-2850	1.77135293406937
Combo	-2750	1.86200088208178
Combo	-2650	1.88459028250292
Combo	-2550	1.81239977463506
Combo	-2450	1.78366675938309
Combo	-2350	1.74196129519392
Combo	-2250	1.64145372150926
Combo	-2150	1.73908254938395
Combo	-2050	1.89107892061008
Combo	-1950	1.84703997820334
Combo	-1850	1.78542578909029
Combo	-1750	1.83295973138321
Combo	-1650	1.84018201781294
Combo	-1550	1.86083205471929
Combo	-1450	1.8310251591213
Combo	-1350	1.90693415482457
Combo	-1250	1.976143091085
Combo	-1150	2.02075767751757
Combo	-1050	2.0625571731497
Combo	-950	2.11651670139146
Combo	-850	2.18350101286174
Combo	-750	2.11342250564835
Combo	-650	2.12409857516433
Combo	-550	2.22053755803432
Combo	-450	2.52343764351364
Combo	-350	2.94907167968016
Combo	-250	3.37074692382551
Combo	-150	3.69986349810773
Combo	-50	4.04473209782887
Combo	50	4.28728686793956
Combo	150	4.24822196764647
Combo	250	3.90553144196568
Combo	350	3.50360315422702
Combo	450	3.23639687778505
Combo	550	2.83049571055402
Combo	650	2.65414879449677
Combo	750	2.51961890845972
Combo	850	2.32214624790143
Combo	950	2.22166400475201
Combo	1050	2.16411998363828
Combo	1150	2.02789606223145
Combo	1250	2.04761595549612
Combo	1350	2.09630494320348
Combo	1450	2.12210924656404
Combo	1550	1.95704945266483
Combo	1650	1.75953216216601
Combo	1750	1.77432653572546
Combo	1850	1.97559798989842
Combo	1950	2.0874114866403
Combo	2050	2.02555641473409
Combo	2150	1.88214090985402
Combo	2250	1.94105386771192
Combo	2350	2.1644560561705
Combo	2450	2.15051583396409
Combo	2550	2.07520583370799
Combo	2650	2.03679757314401
Combo	2750	1.97741633676692
Combo	2850	1.89510016222292
Combo	2950	1.93576009077199
Combo	3050	1.99859341163247
Combo	3150	2.06413149187605
Combo	3250	2.12212067231028
Combo	3350	2.10344069621262
Combo	3450	1.94834419941382
Combo	3550	1.77186847133142
Combo	3650	1.74328037723017
Combo	3750	1.86002226247048
Combo	3850	1.83234192490681
Combo	3950	1.63159726938508
Combo	4050	1.63187916634892
Combo	4150	1.7453664307828
Combo	4250	1.87411525498677
Combo	4350	1.92482332996614
Combo	4450	1.82408870452153
Combo	4550	1.69743479267564
Combo	4650	1.74814162615599
Combo	4750	1.84126673294824
Combo	4850	1.98492698639843
Combo	4950	2.03752968551347
Combo	5050	1.91557597973992
Combo	5150	1.80590106043878
Combo	5250	1.799730323706
Combo	5350	1.83302431326295
Combo	5450	1.91418254437584
Combo	5550	2.03620700791054
Combo	5650	2.01459629670205
Combo	5750	2.08713682187064
Combo	5850	2.16389385402498
Combo	5950	2.08633624519819
Combo	6050	1.91083947670944
Combo	6150	1.87215216105626
Combo	6250	1.87384444831119
Combo	6350	1.94333272717184
Combo	6450	2.02982679111061
Combo	6550	1.96455729581994
Combo	6650	1.82902874859858
Combo	6750	1.69824790211422
Combo	6850	1.64246950579063
Combo	6950	1.66727283109012
Combo	7050	1.70171825922659
Combo	7150	1.75186822729989
Combo	7250	1.78958841006744
Combo	7350	1.89884456739607
Combo	7450	1.91176423282019
Combo	7550	1.72273388760208
Combo	7650	1.69060650937598
Combo	7750	1.74245856822127
Combo	7850	1.82888457758302
Combo	7950	1.89822332916939
Combo	8050	1.96948127095012
Combo	8150	1.90052200739834
Combo	8250	1.73610667666392
Combo	8350	1.70972607230458
Combo	8450	1.66795623711692
Combo	8550	1.60073678339925
Combo	8650	1.70812037190906
Combo	8750	1.82709917135703
Combo	8850	1.75273887878098
Combo	8950	1.74341268608258
Combo	9050	1.80817004825997
Combo	9150	1.84117009270694
Combo	9250	1.76047090180121
Combo	9350	1.74508999311385
Combo	9450	1.86197115274735
Combo	9550	1.9284810467803
Combo	9650	1.96541456568876
Combo	9750	1.96821054744899
Combo	9850	1.94446562148934
Combo	9950	1.88365759448539
