gene	g4_fc	padj	location	rna_fc	label
A1BG	0.998261947388355	NA	Promoter	-0.463908320677559	NA
AADAT	-19.0535434046189	NA	Intron	-0.648342123208783	NA
AAGAB	21.9482398052824	NA	Intron	-0.0538314037840656	NA
AAMDC	-21.6126956230589	NA	Intron	-0.494041671262517	NA
AASS	-7.12429954873215	NA	Intron	-0.00372122045100883	NA
ABCC4	-5.74536547039326	NA	Intergenic	-0.347377913851066	NA
ABCD1	9.17366244774912	NA	Intron	-0.962311614368006	ABCD1
ABHD10	6.85935883921191	NA	Intron	-0.243296179934805	NA
ABHD11	-5.93532625689532	NA	Intergenic	-1.06683725077808	NA
ABHD15	-6.08055268914232	NA	Exon	-0.757020281773978	NA
ABI3BP	1.63373478863612	NA	Exon	-0.160852064787656	NA
ABLIM2	-1.20738010276698	1	Promoter	-0.461617587410951	NA
ABTB2	7.57748230457126	NA	Intron	0.538242043583667	NA
ACAP2	-3.19788920953911	NA	Intron	-0.133657672605601	NA
ACOT7	-5.17701290202938	0.179235695803217	Intron	-0.454081961140362	NA
ACOX3	21.5121860919896	NA	Intron	0.0529765272777045	NA
ACSBG1	5.87482883653644	NA	Intron	-0.327651794063824	NA
ACTN1	-5.73691817427744	NA	Intergenic	-0.561703945924349	NA
ACTR3B	-7.37612989860972	NA	Intergenic	-0.289451371549642	NA
ACVR2A	-4.04304681671652	NA	Intron	0.459831443123275	NA
ADA	-6.89846570318217	NA	Intron	-0.577405104967355	NA
ADA2	-0.369299321977737	NA	UTR	0.465744821899357	NA
ADAM17	6.75535155609976	NA	Intron	-0.0102950638234816	NA
ADAM22	-9.62238403456011	0.0595985737069551	UTR	-0.164734689972341	NA
ADAM23	-8.48212827652751	NA	Intergenic	0.226189355433222	NA
ADAMTS20	-0.85011027574745	NA	Intron	1.14142103434137	NA
ADAMTS3	5.26193307122504	NA	Intron	-0.571297234972186	NA
ADCY3	5.83450164060453	NA	Intron	-0.713117078320596	NA
ADCY7	7.25537292961278	NA	Promoter	-0.805635459151052	NA
ADGRA3	-1.33653003784881	NA	Intron	0.0636742972092853	NA
ADGRG3	8.15260105954842	NA	Promoter	0.695529953198586	NA
ADGRL3-AS1	21.5743344705856	NA	Intergenic	-0.650482651957475	ADGRL3-AS1
ADK	1.23848710274697	1	Intron	0.0157242238578524	NA
ADNP-AS1	1.04507827567463	NA	Intergenic	-0.166364282921244	NA
ADRA1A	8.10834721185554	NA	Intergenic	-0.647842235814273	NA
AEBP2	7.96953364074693	0.107747719561637	Intron	0.355707015886647	NA
AFF3	-5.66246808757253	NA	UTR	0.184770816659242	NA
AGA-DT	8.0553815856357	NA	Intron	-0.0476627240035288	NA
AGBL3	-0.300874982287754	NA	Intron	-0.269391508206233	NA
AGK-DT	-1.14158691330802	NA	Intron	0.0396428215722179	NA
AGMO	-4.47338147493063	NA	Intron	0.160262048791771	NA
AGO2	-5.80695226250953	NA	Intron	-0.19761477134814	NA
AHNAK	1.97765538927785	NA	Intron	-0.0244801431285629	NA
AHRR	9.95166064561411	0.0322130168465605	Intron	-0.2401642563519	NA
AK3	7.68243397558168	0.143182861689853	Intron	-0.228736401964898	NA
AKAP11	-15.2045066261162	NA	Intron	-0.257474049326551	NA
AKAP6	-0.460257294436594	NA	Intergenic	0.243893626078833	NA
AKAP8	0.276712127693304	NA	Intron	-0.25353661460981	NA
AKNA	-6.06606263216072	NA	Intron	0.827942815485241	NA
AKR7A3	-8.89026625710146	NA	Exon	0.0412309871755837	NA
ALCAM	-10.8439439800521	0.0232278198147328	Intergenic	0.0610182924302614	NA
ALDH18A1	7.50569024132566	0.106200060998351	Promoter	-0.280027771905341	NA
ALDH1L1	0.00511001665114305	NA	Intron	-0.104790671737863	NA
ALDH2	0	1	Intron	-0.44706384682859	NA
ALG10	-6.25536676535692	NA	Intergenic	-0.6378642950276	NA
ALG10B	0	1	Intergenic	-0.281176823320141	NA
ALG13	-5.13927372011539	NA	Intron	-0.00594729488151066	NA
ALMS1	4.73346948970928	NA	Intron	-0.195504003624062	NA
ALPK3	-6.97376909449857	NA	Intron	0.433189228504049	NA
AMN1	-7.74630802761503	0.119050109231742	UTR	-0.315890966634112	NA
AMOTL1	-0.952819703732653	1	Intron	-0.325864603227438	NA
AMPD3	10.0515568004075	0.0378287186714006	Intron	-0.230746802633969	NA
AMPH	8.61645020371317	NA	Intron	-0.119249944067438	NA
ANGPT1	-1.18510263386819	NA	Intron	-0.448420407984741	NA
ANGPT2	22.484772522564	NA	UTR	-0.403177846419043	NA
ANGPTL2	0.00718403388466231	NA	Intron	-0.0426570660066817	NA
ANK2-AS1	9.5621385399476	NA	Intron	0.224676108971291	NA
ANK3	19.2165814963548	NA	Intron	0.0726977836910609	NA
ANKRD33B	7.23405581785804	NA	Intron	0.346125688199381	NA
ANKRD53	2.49663540838826	NA	UTR	0.143803777412851	NA
ANKS6	4.17942698019618	NA	Promoter	-0.193321882329088	NA
ANLN	1.25263874020612	NA	Intergenic	-2.29127162056603	NA
ANO2	0.641522389058926	NA	Intron	0.823605323044404	NA
ANO3	-17.353963257377	NA	Intron	0.747084581124028	ANO3
ANO8	-15.2966105935391	NA	Promoter	-0.850760158337382	NA
ANOS1	0.726696920603989	NA	Intron	0.875397187883005	NA
ANTXR1	-8.48799634192169	NA	Intron	0.0699288654533712	NA
ANXA3	-4.8443089983848	NA	UTR	-0.116278086136871	NA
AOAH	-2.93720089038895	NA	Intron	-0.570803345338418	NA
AP3B2	7.74609797229666	NA	Exon	-0.315017488689336	NA
AP3M2	-7.3019802875083	NA	Intergenic	-0.425128544976922	NA
APBA3	0.909765306592546	NA	UTR	-0.449502847825616	NA
APCDD1L-DT	-7.2594242965388	NA	Intergenic	0.127450541975167	NA
APEH	0.425008991821587	NA	Intron	-0.523479457772238	NA
APMAP	-1.09252024021026	NA	Intron	-0.279381767881712	NA
APOBEC3F	3.02540255565334	NA	Intron	-0.434073185725046	NA
APOL3	7.43352797943141	NA	Exon	-1.25292113732581	NA
APOL6	-3.5481282703626	NA	Intergenic	0.0662380677518913	NA
APP	7.03772462555369	NA	Intergenic	0.167598759398635	NA
APP-DT	20.5112256149193	NA	Intron	0.570234888136328	NA
APRG1	-1.15470579712313	1	Intron	0.295131387880543	NA
AQP4	1.68455188084253	1	Intron	-0.592957567238084	NA
ARC	7.66982521463143	NA	Exon	-0.960918019178876	NA
ARHGAP1	5.98653998952294	NA	Exon	0.258363684596954	NA
ARHGAP10	-4.68390941698457	NA	Intergenic	1.21050513862828	NA
ARHGAP24	0.43144574938227	NA	Intergenic	1.06028240837223	NA
ARHGAP28	-1.53182304218847	1	Intergenic	0.425933992469481	NA
ARHGAP4	8.72894650971825	NA	Intron	0.262826203864378	NA
ARHGAP5	4.61115247934979	0.19884230580616	Intron	-0.0970408994921653	NA
ARHGEF3-AS1	-3.48138140845875	NA	Intron	-0.338498711132729	NA
ARHGEF33	8.97562821306886	NA	Intron	0.717688076537064	NA
ARID1B	-23.2145567889601	NA	Intron	0.12395169063449	NA
ARL1	8.14501497772821	NA	Intron	-0.376089431450269	NA
ARL15	-16.1007877726768	NA	Intron	0.142511888295987	NA
ARL16	6.6222327345622	NA	Promoter	-0.914943413098321	NA
ARL2	5.67105413823382	NA	Promoter	-0.994767240763716	NA
ARL4D	8.20464078469706	0.0379252716199222	Intergenic	-1.0784410941645	NA
ARMC8	0.316349991197773	1	Intron	-0.0712075148416289	NA
ARSA	0.299743820667762	1	Intergenic	0.10163131691537	NA
ASPH	-2.65404620161084	NA	Intron	0.0118706235323652	NA
ASTN2	-8.20131038675869	0.0599246909034617	Intron	0.280743842533437	NA
ASXL3	-3.76813814401062	NA	Intergenic	0.698527920295621	NA
ATF6	-0.685057144638224	1	Intron	-0.163370576756117	NA
ATG10	-8.30634652684171	NA	Intergenic	-0.096039246214627	NA
ATG14	1.1679918593847	1	Intron	-0.0934866865909952	NA
ATG16L2	-8.31877206842767	NA	Intron	-0.31691542969453	NA
ATG2A	3.89246671799426	NA	Promoter	-0.164378270609651	NA
ATOSA	0.41470254791753	NA	Intron	0.0858182604486504	NA
ATOX1	8.84846883076179	NA	UTR	-0.89573522968463	NA
ATP10B	-2.14139780332957	NA	Intron	-0.60072123071018	NA
ATP11B	21.7722409848314	NA	Intron	-0.267496579666688	NA
ATP13A3	7.13449823833189	NA	Intron	-0.116597344352885	NA
ATP13A3-DT	9.1585734681332	0.0368990868974514	Promoter	-0.867938109861889	ATP13A3-DT
ATP5MJ	-0.738326635542967	NA	Intergenic	-0.799413701358498	NA
ATP5PD	7.0634046414182	NA	Intron	-1.03578654519754	NA
ATP6V1G1	-6.62034431308884	NA	Exon	-0.353568254276537	NA
ATP8B5P	-6.13618000728166	NA	Intron	-0.250712940621706	NA
ATRAID	9.68457093519014	NA	Exon	-0.60307195062077	NA
ATXN1-AS1	-3.74062865189799	NA	Intron	-0.211912609811592	NA
ATXN7L1	9.26052437701882	NA	Intron	-0.0924718963146498	NA
AUH	-2.70411837624033	NA	Promoter	0.157161475418442	NA
AUTS2	13.4737050974742	NA	Intron	0.323463632897737	NA
AVPI1	-22.8784560548057	NA	Promoter	-1.60923081158878	NA
AZIN2	-4.95848662746373	NA	Intron	-0.0490208692588631	NA
B4GALNT3	-0.975247933281401	NA	Promoter	-0.35621272448986	NA
B4GALNT4	7.08640135189681	NA	Promoter	-0.140859035417992	NA
B4GALT4-AS1	0	1	Intergenic	0.460959008172812	NA
B4GALT5	-9.52802839574357	0.0443658889405056	Intergenic	-0.0719184042765437	NA
BAALC-AS1	-21.9002742099	NA	Intron	-0.100609180016038	NA
BACE1	8.30893661257435	0.0599246909034617	Intron	0.191601150631832	NA
BAP1	8.00557932136458	0.0441118306492639	Promoter	-0.398045334807907	BAP1
BAZ1A-AS1	-5.92900046066861	NA	Intron	-1.66604513581223	NA
BAZ2A	5.09518418908552	NA	Intron	-0.0396825058029513	NA
BAZ2B-AS1	-7.26969715483836	NA	Exon	-0.579949535366315	NA
BCAR1	-22.3379980811245	NA	Intergenic	0.07170473546422	NA
BCL2	-7.12507021280801	NA	Intron	-0.578152029776391	NA
BCL7A	-2.58600127834219	NA	UTR	-0.302434442302504	NA
BCR	-5.83630016687815	NA	Intron	-0.069368725270278	NA
BCS1L	-5.13605896404226	NA	UTR	-0.143364811834332	NA
BDH2	3.35594941848994	NA	Promoter	-1.01359347939844	NA
BEND5	-7.84540047504852	0.0685319788042535	Intron	0.03648032508462	NA
BFSP1	1.16810249241327	1	Exon	-0.606237608803485	NA
BHLHE40	1.73104992848496	NA	Intron	0.882666458058029	NA
BHLHE40-AS1	-6.96814340531123	NA	Intron	0.901041139793345	NA
BLCAP	3.99415289295388	NA	Intergenic	0.509938222907198	NA
BLTP1	2.84437448011574	NA	Intron	0.150809931677583	NA
BMAL1	-0.685077050653253	1	Intron	-0.0318678344371921	NA
BMP6	-4.26329189853563	NA	Intron	0.383420312069417	NA
BMPR1B	9.92203921062871	0.0365844398920166	Intron	-0.419458803333257	NA
BMS1P20	6.82013831459462	NA	Exon	-0.236858928634338	NA
BNIP3	22.2285654453778	NA	Intron	0.661781616465654	NA
BPNT2	13.4811886646321	NA	Intergenic	0.121252356665793	NA
BPTF	3.87731169621596	NA	Intron	-0.053980134269288	NA
BRD1	21.0574616856333	NA	Promoter	0.123803412037893	NA
BRF2	-7.44820615808704	NA	Promoter	-0.590220920154871	NA
BRINP1	22.025859237989	NA	Intron	-0.519293065688686	NA
BRINP3-DT	1.3442926171214	NA	Intron	-0.421940914955826	NA
BST1	10.2251232465757	0.0441118306492639	Intron	-0.0249809507173955	NA
BTBD16	0.180298188715582	NA	Intron	0.127829936285318	NA
BTBD3	4.70461804636319	NA	Promoter	0.0409751038025657	NA
BTBD3-AS1	8.03127684617114	0.0368990868974514	Intergenic	-0.00204355953560027	NA
BTG1	-6.86371042062922	NA	Intron	-0.439513688284422	NA
C19orf53	1.70366495521929	NA	Exon	-0.552757434914986	NA
C1orf105	-23.3404653164346	NA	Exon	-0.715279815992055	NA
C1orf35	2.48461819275099	NA	Promoter	-0.629491251194333	NA
C1QTNF7	1.13211827098904	NA	Intron	-0.172641137513214	NA
C20orf203	-1.086168512597	NA	Promoter	0.606327869198467	NA
C2CD4C	-8.43730874417505	NA	Intron	-0.227058150982292	NA
C2orf49	0	1	Intron	-0.405826200020339	NA
C4orf46	-5.45429943768371	NA	Promoter	-0.656757037652294	NA
C9orf153	5.57135630532803	NA	Intron	-0.170377348567188	NA
C9orf78	-6.43302305826075	NA	Promoter	-0.524724114390936	NA
CA10	-0.726020210247944	NA	Intron	-0.092650194367708	NA
CABP1	2.14862486537144	NA	Intergenic	-0.457614390490243	NA
CACNA1A	-1.1253752204658	NA	Intron	-0.407097945167447	NA
CACNA1I	-22.054586649622	NA	Exon	0.243531013663743	NA
CACNG1	8.17908689817983	NA	UTR	-0.350093139876926	NA
CADPS	0	1	Intron	1.19459780124509	NA
CADPS2	8.98648304496333	NA	Intergenic	0.0126605050152765	NA
CALD1	-21.1943438400782	NA	Intron	-0.228305321137264	NA
CALM2	-8.2877350290805	NA	Intron	-0.27122123288156	NA
CALML4	-8.52291362711918	NA	Exon	-0.709728699875483	NA
CALN1	0.405858627351112	NA	Intron	-0.0565087442155174	NA
CAMK2B	-8.76516917304967	NA	Intergenic	0.101405061279944	NA
CAMK2D	9.14289894105632	NA	Exon	0.0246579494246251	NA
CAMSAP1	-6.7325697783372	NA	UTR	0.032299570007936	NA
CAMSAP3	-21.4855160185229	NA	Promoter	-0.619821879570191	NA
CAMTA1-DT	-7.75967135418826	NA	Promoter	-1.13437914807302	NA
CAPN2	-8.82781129509701	0.0365844398920166	Intergenic	-0.384755071859125	NA
CAPN9	-15.230827483136	NA	Promoter	-0.448470714887558	NA
CAPRIN2	-20.653771473551	NA	Exon	-0.0238231891197978	NA
CAPZA2	8.08743399980407	NA	Intron	-0.25029640316669	NA
CASD1	-6.04748345121941	NA	Intron	-0.0413591906172134	NA
CAV2	0	NA	Intron	-0.44219813339546	NA
CBX3P2	-0.409161947087402	1	Intron	-0.069890545116338	NA
CCBE1	1.45660161051262	NA	Intergenic	0.40444560697206	NA
CCDC138	7.14102908280564	0.0427249848463924	Exon	-0.647830546111161	NA
CCDC14	-7.55691356996089	NA	Intron	-0.402250049606413	NA
CCDC144A	-7.03234319618283	NA	Intron	-0.0255274055405007	NA
CCDC148	-7.39631670934021	NA	Intron	-0.473696082891509	NA
CCDC171	1.80121427896518	NA	Intron	-0.318294959840842	NA
CCDC54-AS1	-6.96621652781286	NA	Intron	0.280723999137133	NA
CCDC59	2.19590275447641	0.996760992472849	Intron	-0.659380315825224	NA
CCDC77	-21.4531792751674	NA	Intron	-0.806076801249883	NA
CCNK	0.735008648674833	NA	Intron	-0.453893926133775	NA
CCNL1	22.5849157281539	NA	Intron	-0.13226963790753	NA
CCNT2-AS1	-0.29722640656762	NA	Promoter	-0.189790935099905	NA
CCR6	-5.13570205181563	NA	Intron	-0.989989850279113	NA
CCSAP	8.52686548283756	NA	Promoter	-0.412860384758052	NA
CCT6A	-5.1231081384664	NA	Promoter	-0.453012923079255	NA
CCT7	0.291521781199171	1	Promoter	-0.548140897205459	NA
CCZ1B	6.9441912452159	0.0586628126726043	Intron	-0.522180922748477	NA
CD163L1	21.5609884037534	NA	Intron	-0.228065710744318	NA
CD200	-5.29117429998266	NA	UTR	-0.034892879295407	NA
CD226	-20.9118870873339	NA	Intron	0.178176592303952	NA
CD24	7.59791117907447	NA	Intergenic	0.0654356600809359	NA
CDCA7L	9.61910726967854	NA	Intron	-0.72968074693949	NA
CDH1	0	1	Intron	0.613257236877631	NA
CDH13	2.17066342230099	0.978259751574246	Intron	0.384967765641156	NA
CDH2	-1.67537322431474	NA	Exon	-0.00725020699891053	NA
CDH20	8.09324170124357	0.0427249848463924	Intergenic	0.203910973575135	NA
CDH7	22.3847416829439	NA	Intron	0.127245605229665	NA
CDH8	2.86075672987659	NA	Exon	1.40727196570065	NA
CDHR3	0	NA	Intron	0.456206887382025	NA
CDIN1	6.14931090995979	NA	Intron	-0.398393355358535	NA
CDK14	-0.349886804332569	NA	UTR	0.0663548108774778	NA
CDK6	-0.35805287779051	NA	Intergenic	-0.229832170573916	NA
CDKL4	0.250788341312883	NA	Exon	0.724058766959563	NA
CDKN3	-7.06875785343734	NA	Intron	-2.93548817244332	NA
CEBPA	21.7800215101752	NA	Intron	-1.36433028101657	CEBPA
CEMIP2	1.14451311392681	1	UTR	0.159783240299275	NA
CENPF	-23.3238821912154	NA	Intergenic	-1.15170885450909	NA
CENPU	-1.31248977249525	NA	Intron	-2.09819012469667	NA
CENPV	1.47028731086592	NA	Intergenic	0.228467880299215	NA
CENPW	-7.23682941714242	NA	Intron	-2.58736104586004	NA
CEP104	-6.74090229450795	NA	UTR	-0.362696687881976	NA
CEP192	13.589458644876	NA	Exon	-0.474757378071559	NA
CEP44	8.86993914210385	NA	Promoter	-0.44331290653889	NA
CEP70	0	NA	Intron	-0.338545627017308	NA
CEP76	8.80660490093712	NA	Exon	-0.554573423613474	NA
CEP83-DT	-1.5759632752893	NA	Intergenic	-2.2186602726242	NA
CERS4	7.81198267693151	NA	Intron	0.337788314279387	NA
CFAP20DC-AS1	9.51898199258006	0.0418846848608327	Intron	0.0498952279362134	NA
CFAP20DC-DT	9.79658325928469	NA	Intron	-0.559686142917509	NA
CFAP54	-0.429391258440071	NA	Intron	0.153797679934	NA
CFAP69	-19.2244985444242	NA	Promoter	0.32403761576848	NA
CHASERR	-6.45855174111284	NA	Intron	-0.0502634442981969	NA
CHD6	0.276721750665708	1	Intron	0.158257842615192	NA
CHDH	-2.24862473105109	0.950423730312268	Intron	-0.324043596582862	NA
CHFR	-1.59713642483589	NA	Intron	0.238172859567339	NA
CHFR-DT	0.881019167367948	NA	UTR	-0.942046336900378	NA
CHMP4B	-1.27762501959423	NA	Exon	-0.383709118220699	NA
CHMP7	-3.68157047481521	NA	Promoter	-0.0151538520491508	NA
CHN2-AS1	-1.25841864821443	NA	Intron	0.130023362053965	NA
CHRM5	-3.49881525812625	NA	Intron	0.302194032693565	NA
CHRNA10	-6.55884315838122	NA	Intron	-0.696334111307773	NA
CHRNA4	8.44629101681889	NA	Exon	-0.00894629360194942	NA
CHRNA5	9.3028662424081	NA	Intron	-1.78627182625711	CHRNA5
CHST12	-8.37461816982737	0.106200060998351	Intergenic	-0.345834359729287	NA
CHST9	8.16782248586239	NA	Intron	-0.822169693285432	NA
CHSY3	5.56003166675907	NA	Intron	-0.274312423739091	NA
CISD2	-7.28643631791785	NA	Intron	-0.690023285816293	NA
CKLF-CMTM1	-0.608443543994762	1	Promoter	-0.475383312686121	NA
CKMT2	-0.307123069912927	1	Intron	0.186313387160002	NA
CLDN18	-21.8652019595833	NA	Intergenic	-0.477639832907241	NA
CLDN4	-5.24724419822923	NA	Intron	0.0691198781072226	NA
CLEC11A	-5.88465892901368	NA	Exon	-0.717120337879416	NA
CLEC20A	1.23847315544121	1	Intron	-0.453489435582843	NA
CLPB	-1.68433175115504	NA	Intergenic	-0.186129882253335	NA
CLPTM1	20.0011214206977	NA	Intron	-0.174801032066147	NA
CLTA	18.3305794115146	NA	UTR	-0.157596502154675	NA
CLU	1.39104524682494	NA	Promoter	-0.145063657288241	NA
CMPK1	9.21795714594823	NA	Intron	-0.32328691174017	NA
CMTM4	0	NA	UTR	-0.101939764523114	NA
CNBD1	-0.383165823320886	NA	Intron	-0.776364464283579	NA
CNDP1	5.18512603228661	NA	Intron	0.188581940825825	NA
CNDP2	-0.275893312261747	NA	Promoter	-0.167847455306951	NA
CNIH3-AS2	-1.25974749343542	NA	Intron	-0.256667489110162	NA
CNOT4	0.276724266523118	1	Intron	0.0212461936951956	NA
CNPY1	-7.59457240355993	NA	Intron	0.485745971360655	NA
CNPY2-AS1	3.14792879259318	NA	Intron	-0.134244153774983	NA
CNTF	7.09493126084857	NA	Intron	0.735221195559168	NA
CNTN4	-0.685065971994231	1	Intergenic	-0.160546504395307	NA
CNTNAP5	3.49800065902316	NA	Intron	-0.165718255797132	NA
COBL	-3.20867882759419	NA	Intron	-0.162530225436474	NA
COG3	4.95634691868612	NA	Intron	0.0877504473902639	NA
COL14A1	-8.38723648291447	0.106200060998351	Exon	0.359969695488237	NA
COL20A1	-6.83067704678602	NA	Intron	0.448102631648975	NA
COL28A1	-6.84533024351974	NA	Intron	0.381511291300834	NA
COL4A3	0.276726290320847	1	Intron	0.037009713416149	NA
COL5A1	-6.03781888863522	NA	Intron	-0.0691953167407877	NA
COL7A1	-7.0346436374031	NA	Promoter	1.29864363474504	NA
COMETT	0	1	Intron	-1.49489643386281	NA
COMMD7	-22.3901222369505	NA	Intron	-0.716657560831851	NA
COPS8	-0.25174028018245	NA	Promoter	-0.507779243972931	NA
CORIN	15.6206534968143	NA	Exon	-0.0496899252921267	NA
COX6A1	8.58328390801477	0.0999665742721625	Intergenic	-0.927717639925179	NA
COX6C	9.26914681684448	NA	Intergenic	-0.590731678562495	NA
CPD	8.84038258266601	NA	Intron	-0.043080226807298	NA
CPEB2-DT	8.15207677683886	NA	Intron	1.00155292434972	NA
CPHXL2	6.62066908261295	NA	Promoter	-0.419394915179381	NA
CPLX2	-23.0159742246134	NA	Intron	-0.344372431657551	NA
CPM	-7.3018583877321	NA	Exon	1.00453058973603	NA
CPNE4	8.81963286623199	NA	Intron	-0.0369901006837966	NA
CPNE8-AS1	-2.33448714534283	NA	Intron	-1.15334326641872	NA
CPO	-4.32080062039088	NA	Intron	0.803833926761057	NA
CPQ	-7.00769246872447	0.100054230970964	Intron	-0.182245218988426	NA
CPSF2	-8.29977950902279	NA	Exon	-0.44432122215409	NA
CRB2	-0.304597964604343	NA	UTR	-0.481806652895177	NA
CRBN	1.64326386958456	NA	Intergenic	-0.0735509603377648	NA
CREB1	-6.28841042484628	NA	Intron	-0.206185851939863	NA
CREB5	-0.62094670172365	NA	Intron	-0.352619309329985	NA
CREBL2	-1.0351418516994	NA	Intergenic	0.157319600402339	NA
CREM	-0.572447772710504	1	Intron	-0.579046057037082	NA
CRIP2	-0.681992822439115	NA	Intron	-1.18903990539691	NA
CRISPLD2	-0.265038487455594	NA	Intron	0.0136203842889597	NA
CROT	1.17984519293424	NA	Intron	-0.0484453646855728	NA
CRPPA-AS1	17.5936400083961	NA	Intron	0.10536777511408	NA
CSMD1	0	NA	Intron	0.0445725727270438	NA
CSMD2-AS1	0	NA	Intron	0.0453037873857596	NA
CSMD3	2.50835265708344	NA	Intergenic	0.0177583646400268	NA
CSNK1A1P1	8.07914727148058	NA	Intron	-0.88890820783682	NA
CSNK2A3	2.11366028884963	NA	Exon	-1.14882118486481	NA
CTD-2350J17.1	-0.823016826775541	NA	Intron	-0.186126001857553	NA
CTDNEP1	0.0340576220660517	1	UTR	-0.378568948767578	NA
CTDSPL	0	NA	Intron	-0.392211750207952	NA
CTNNA2	-15.275625904012	NA	Intron	-0.110239901227054	NA
CTNNA3	1.29037705029793	NA	Intron	0.122273948237276	NA
CTNNB1	-0.0799748152997518	NA	Intron	-0.091938785656246	NA
CUL4B	0.320539783107322	NA	Intron	-0.146101058116332	NA
CWC15	9.08254838110263	0.0534435171796415	Intron	-0.242463655346801	NA
CWC22	-1.5325841389226	NA	Intergenic	-0.365791530006965	NA
CWF19L2	1.24722569348764	NA	Intergenic	-0.159018340646532	NA
CXCL13	-1.3946570227956	NA	Promoter	-1.03577800987842	NA
CYB5A	-5.94578611135706	NA	Exon	-1.04991376514352	NA
CYFIP2	-0.685069580486237	1	Intron	0.239915016664512	NA
CYP1B1	0	NA	Exon	-0.604575389206371	NA
CYP20A1	0.00610194271231579	1	Promoter	-0.4289327024557	NA
CYP2J2	-15.0869152083819	NA	Intergenic	-1.01183892281957	NA
CYP3A5	-6.64458573843369	NA	Exon	-0.256269446614806	NA
CYRIB	-3.7869639516557	NA	Intergenic	-0.227184809647803	NA
CYTH1	20.5916779114699	NA	Promoter	0.287408430445163	NA
CYTH3	6.38286195733652	NA	Promoter	0.10165674381035	NA
CYYR1-AS1	-2.83967527847764	NA	Intron	0.158829768171955	NA
DAAM2	9.98518834344571	NA	Intron	0.838278231100664	NA
DACT1	-6.98108021782218	NA	Intergenic	0.46241335623652	NA
DAG1	-2.0238118834922	NA	Intron	-0.222089881203982	NA
DAGLB	-0.239560959283848	NA	Intergenic	-0.0411155813031895	NA
DAZL	-15.0705732479739	NA	Intron	0.569675683404821	DAZL
DCAF4	8.78033862517568	0.0379252716199222	UTR	-0.2616960925831	NA
DCAF4L2	5.33730704906583	NA	Exon	-0.554061510881162	NA
DCLK1	22.0217172364393	NA	Promoter	-0.0400447868795529	NA
DCLK2	-8.18442430440522	NA	Intron	-0.0279102032584547	NA
DCTN4	8.78474224150185	NA	Intron	-0.203979808060577	NA
DCUN1D1	-3.69806193385003	NA	Intergenic	-0.367039214561255	NA
DCUN1D3	0	1	Intron	0.39413701266831	NA
DDRGK1	1.36241008948576	NA	Exon	-0.448793047917034	NA
DDX10	-6.49403686980458	NA	Intron	0.0310451728390312	NA
DDX31	-2.11483181045304	NA	Intergenic	-0.0289950763868857	NA
DDX39A	9.44263635083683	NA	Intergenic	-0.336296255337269	NA
DEFB131B	-0.52093671401632	NA	Intron	-0.105576574160107	NA
DENND2B-AS1	-22.026076940217	NA	Intron	-0.0151552215723096	NA
DENND4C	10.720399716013	0.0328342920264512	Intron	-0.0703704993980379	NA
DEPDC1B	0.698108094582784	NA	Intergenic	-1.96570392459544	NA
DERA	3.40744554989726	NA	Intron	-0.508124344796321	NA
DESI2	1.24235405638949	NA	Intron	-0.429604130661392	NA
DFFA	4.54641695939133	NA	Intron	-0.822572519108839	NA
DFFB	-5.31843789575417	NA	Promoter	0.0971391766071247	NA
DGKD	-6.37126850314507	NA	UTR	-0.137490136945887	NA
DGKI	-3.75967692935459	NA	Intron	0.0667710356719429	NA
DGKZ	14.5931836657761	NA	Intron	-0.161024954153972	NA
DHX35	-4.64459622298357	NA	Intron	-0.00590569296189508	NA
DIPK2A	-22.8480211512414	NA	Intergenic	0.0738482965167204	NA
DIRC3	8.4123455412442	NA	Intron	0.361579574224053	NA
DIS3L	-5.51298311972722	NA	Intron	-0.655281126598856	NA
DIXDC1	-2.14957480664277	NA	Intron	-0.539445256008175	NA
DLG2-AS2	-0.45256062182145	1	UTR	0.0973430005924752	NA
DLGAP4	-21.459218479883	NA	Intron	-0.191015184011022	NA
DLX2	0.0477242113060326	NA	Exon	-0.927855917375433	NA
DNAH11	8.22060365031441	NA	Intron	-0.308885833066617	NA
DNAJA2-DT	9.03735864350614	0.0490582426580192	Intergenic	-0.0977377896043541	NA
DNAJC2	-6.27238118122879	NA	Intron	-0.342936722421503	NA
DNAJC5	7.35552091517369	NA	Promoter	0.274423294620938	NA
DNALI1	-5.87051210424781	NA	Exon	-0.694509521274789	NA
DNM1L	-22.755471895932	NA	Intergenic	-0.352933081139681	NA
DNMT3B	3.71847305547837	NA	Intron	-0.206282298035517	NA
DOCK10	-0.239564120244189	NA	Intergenic	-0.00257692197726795	NA
DOCK4-AS1	22.2274014223643	NA	Intron	-0.135544111615267	NA
DOCK5	6.02207897092871	NA	Intron	0.472144470305176	NA
DOCK6	-7.32937485198054	NA	Intron	-0.529459796707848	NA
DOLPP1	-8.16097832023781	NA	UTR	-0.907263184090089	NA
DPF1	8.83227148972604	NA	Exon	-1.05747517168466	DPF1
DPF3	-7.15717212297506	NA	Intron	0.142916569800787	NA
DPM1	-8.25309917756391	NA	Intergenic	-0.16138371063155	NA
DPY19L1	0.613079275606513	NA	Exon	-0.287719407009052	NA
DRP2	-4.57251527644937	NA	Intron	-1.85517585778118	NA
DSCAML1	8.44040697304543	NA	Intron	0.614798170253645	NA
DSEL-AS1	-0.608439712472297	1	Intergenic	0.354136637121414	NA
DTNB	2.12973193718671	0.985953956074378	Intron	-0.0783418467557954	NA
DTNBP1	-8.54613550406501	0.0344314628828522	Intron	-0.143331520321689	NA
DTX1	-0.63380958614733	NA	Intron	-0.264213300444353	NA
DYNC1LI1	-8.58069247361947	NA	Intron	-0.545927808380124	NA
DYNC2LI1	13.4485788351078	NA	Intron	-0.250421915376448	NA
EAF1	-14.9562266256975	NA	UTR	-0.1015674351952	NA
EBF1	-9.06722338870948	NA	Intron	0.899843438606498	EBF1
ECHDC1	-22.4474317632349	NA	Intron	-0.36782698272129	NA
EDEM3	1.44518886381714	NA	Intergenic	-0.113724521859487	NA
EEA1	-3.57129927076411	NA	Intron	-0.207078271415781	NA
EFCAB6-AS1	-7.63707996514589	0.0700728911222095	Intron	-1.39573942369408	NA
EFCAB9	0	1	Intron	-0.263926798676153	NA
EFHB	0	1	Intergenic	0.386951717446822	NA
EFHC1	-0.144776415631149	NA	Promoter	-0.39156704565634	NA
EGLN3	8.91459792440757	NA	Intergenic	0.0986259346268216	NA
EHMT2-AS1	3.34646370799002	NA	UTR	-0.654386098999704	NA
EIF3J	-1.53280366625826	1	Intron	-0.607166549711746	NA
EIF4A2	-0.573877597391934	1	Intron	-0.308637439876513	NA
EIF4ENIF1	0.140983649556664	NA	Intron	-0.286455799701647	NA
EIPR1	8.24956746898123	0.0490582426580192	Intron	0.140636364644975	NA
ELF2	7.90467527385096	NA	Intron	-0.405350159202482	NA
ELL	-5.410359783406	0.0771811005971245	Promoter	-0.0828957049347437	NA
ELMO2	-21.5278684093415	NA	Intron	0.0931582920991927	NA
ELMOD1	-0.768773724520687	NA	Intron	-0.638079854290687	NA
ELMOD3	-8.36228541716771	NA	UTR	-0.141281315844001	NA
ELN	-5.01425919888293	NA	Intron	-1.33850980878811	NA
ELP4	-7.8145522189361	NA	Intron	-0.0403684577195422	NA
EMB	-8.80449457613733	0.0450761155576392	Intron	1.02325213306861	EMB
EMC10	7.65158207238949	NA	Intron	-0.573176178313006	NA
EMP2	4.69557751548397	NA	Exon	-2.01729291520707	NA
ENO1	-6.1466219169546	NA	Promoter	-0.492132390071827	NA
ENOPH1	-0.813231354040519	NA	Intergenic	-0.288293269241977	NA
ENOSF1	18.5020431227679	NA	Intron	-0.417561854445293	NA
ENOX2	-6.17824995055979	NA	Intron	-0.0466934390251236	NA
ENSA	4.92553226742136	NA	Promoter	-0.0602116561055825	NA
ENTPD6	21.3183312015464	NA	Exon	-0.179790744366754	NA
EPB41L1	5.81360106712141	NA	Intron	-0.287334877541336	NA
EPHA2	1.13291484786572	NA	Promoter	0.517774668847347	NA
EPHA3	1.2384872472035	1	Intergenic	0.131526504084259	NA
EPHA4	-0.685067400505702	1	Intron	0.193283009197577	NA
ERRFI1	7.54375198006259	0.0631053267351674	Promoter	0.117613961684028	NA
ESRRB	-7.28142224055522	NA	Intron	0.156432433627694	NA
ESRRG	-21.8102265204122	NA	Intron	-0.292654998257004	NA
ETNK1	-15.1704610122213	NA	Intron	0.131232553665058	NA
ETV1	-7.28581089260924	0.171340360478106	Intron	-0.126809456005881	NA
ETV5	-8.57970414688652	0.0345683251624032	Intron	-0.0242490091155331	NA
EVC2	-19.9756059906503	NA	Intron	0.495287567077461	EVC2
EVI5	-21.3684885292694	NA	Intron	-0.288213252407342	NA
EWSR1	-2.80814839260574	0.372512009707934	Promoter	-0.114223534920723	NA
EXOC5	7.0418029097121	NA	Promoter	-0.353146032901595	NA
EXOG	-9.17590166434244	NA	Exon	-0.400755567672647	NA
EXPH5	4.84897217991079	NA	UTR	0.258420328567071	NA
EXTL3-AS1	0.458844013733946	1	Promoter	0.459776451755726	NA
EYS	2.34743698274963	NA	Intron	0.508325774623524	NA
EZH2	-7.55425663489001	NA	Promoter	-0.753245646917526	NA
FAM133B	3.41390254891055	NA	Promoter	-0.247341815706944	NA
FAM135B	6.93529554607384	NA	Intron	-0.119803365417454	NA
FAM171A2	8.13361237884916	NA	Exon	0.0475866289654449	NA
FAM210A	0.71839936904819	1	Exon	-0.077735625656478	NA
FAM222A	-3.31963419561489	NA	Intron	-0.161303598269894	NA
FAM3C	8.23911952675451	NA	Exon	-0.0932028383079222	NA
FAM83D	-6.71226744123489	NA	UTR	-1.79053255285999	NA
FAM86FP	-5.75166687554319	NA	Promoter	0.103976137216515	NA
FAR2	0	NA	Intergenic	-0.486336936257692	NA
FASTK	3.43382391857704	NA	Promoter	-0.72460436673176	NA
FAT3	-5.86487395741849	NA	Intron	-0.149113163690778	NA
FBRSL1	1.94952651815405	NA	Intron	0.312284231111572	NA
FBXL14	-8.60666405090956	0.0328342920264512	Intron	-0.708531324824457	NA
FBXL15	1.06526591828775	NA	Promoter	-1.20210426705812	NA
FBXO21	8.73334201343528	NA	Intron	-0.420591672470057	NA
FBXO22	-6.53374161010874	NA	Intron	0.430652949633189	NA
FBXO32	-8.89526552087607	0.0661602742221681	Intergenic	0.207751409695584	NA
FBXO48	5.79985269782395	NA	Intergenic	-0.849145202646174	NA
FDPS	-2.58043227996676	NA	Exon	-0.190123509617434	NA
FEM1C	-8.33165698298364	NA	Intergenic	0.0564038610526063	NA
FERMT1	21.0908432733266	NA	Intron	-0.474736231426229	NA
FGD4	7.75632366506321	NA	Promoter	0.153592040501337	NA
FGF2	7.76466626537899	NA	Intron	0.218654024531233	NA
FGFR2	-6.59821659843444	NA	Intergenic	0.417493201393304	NA
FGFR3	0.446118766688554	NA	Intergenic	0.330601527071263	NA
FIGN	8.34429014119328	NA	Intron	-0.0806550162342734	NA
FILIP1	-7.66148640917247	NA	Exon	0.577995682514292	NA
FIRRE	5.14856515367956	NA	Exon	0.923982038298207	NA
FKBP10	7.85813821535537	0.0344512798559998	UTR	-0.413841957621641	NA
FLCN	6.11096270629035	0.0400615981919775	Promoter	0.173068495950585	NA
FLNB	0.333976516094926	NA	Intron	-0.29167340696853	NA
FLT1	5.25509823362394	NA	Intron	0.621261778200631	NA
FLT3LG	-8.90230789245507	0.0593111022286735	Promoter	-0.657605352029255	NA
FMN2	-4.47374319449764	NA	UTR	-0.0367281960887304	NA
FNDC3A	19.5249286385904	NA	Intron	-0.0418203632400665	NA
FNDC3B	-7.23592405726686	0.0610941170538311	Intron	-0.181044847720231	NA
FOLH1	-5.07570356186903	NA	Intron	-0.947862438521542	NA
FOXK1	6.50591923257595	0.0441118306492639	Intron	-0.00196276018013237	NA
FOXP1-AS1	-9.32769276084743	0.0629415261298177	Intron	-0.153339744066518	NA
FRMD4B	2.0513019782562	NA	Intron	-0.672443933973173	NA
FRY-AS1	19.149716165167	NA	Intron	0.949455247816798	NA
FRZB	-17.6900640986139	NA	UTR	0.544453984083246	FRZB
FSIP2-AS2	0.151398623306246	NA	Intergenic	-0.722453375155776	NA
FXYD6-FXYD2	4.91300764456915	NA	Intron	0.078538747396259	NA
FXYD7	-7.6590157311178	NA	Promoter	-0.214489760767177	NA
FZD1	2.54792538364146	NA	Intron	-0.405066435475669	NA
GABBR2	-5.40763537709083	NA	Intron	-0.129399558664965	NA
GACAT2	-0.535395318695224	NA	Intron	-0.65168663639654	NA
GAL3ST4	-7.21440826401418	NA	UTR	0.570688746763364	NA
GALNT1	20.7867915546458	NA	Intergenic	-0.182453535158471	NA
GALNT16	-0.684842397766594	1	UTR	-0.666448822980563	NA
GALNT17	9.19112427980516	NA	Intergenic	0.851242268218156	NA
GALNT7	-4.43187732315566	NA	Intron	-0.289214207148127	NA
GALNTL6	-18.968054797942	NA	Intron	0.494354517515292	GALNTL6
GAMT	1.24852840086965	1	UTR	-1.05723503774178	NA
GAS1	-16.0721989285852	NA	Intergenic	-0.667070260522334	NA
GAS1RR	-1.70724959456403	NA	Intron	-1.0246837251508	NA
GAS2L3	-8.04402653468539	0.0443658889405056	Intron	-2.22679911941357	NA
GCFC2	-5.12638705987333	NA	Exon	-0.131606402942678	NA
GDAP1	8.14373705654099	NA	UTR	0.0456176814584153	NA
GDF6	0	1	Intron	-0.933125023211179	NA
GDPD5	-2.05358990630835	NA	Promoter	-0.412386172217389	NA
GFPT2	22.4856929272362	NA	Intron	-0.133345593666224	NA
GGCT	14.604166882531	NA	Exon	-1.04689154480816	GGCT
GGH	6.40410625457006	NA	Intron	-1.78569748368741	NA
GGPS1	20.7133541534829	NA	Intron	-0.471809736822652	NA
GGT7	-8.42674695500832	0.0379252716199222	UTR	-0.332527780258538	NA
GHET1	-0.338607991679175	NA	Intergenic	-0.726713569761879	NA
GHITM	19.8562893935529	NA	Intergenic	-0.487213393373425	NA
GHR	6.30128012462243	NA	Intron	0.00923563028566191	NA
GIGYF2	-1.63951739058684	NA	Promoter	0.0538536130507318	NA
GIPC2	2.95512372838627	NA	Intron	0.560399794851869	NA
GJB7	7.06036573738802	NA	Promoter	0.108669866658971	NA
GK5	-7.32155175027379	0.0456693379356607	Intron	-0.562234961920893	NA
GLB1L	-3.96294712224149	0.268731778581222	Promoter	-0.178443887124443	NA
GLI3	-8.8032352348576	NA	Intron	0.0380777222030703	NA
GLT8D1	9.02211712702612	NA	Intron	-0.954415366534693	GLT8D1
GLYATL2	1.34085458236074	NA	Intron	0.988340015830725	NA
GMDS	5.54264410229891	NA	Intron	0.033015503054352	NA
GNA12	-1.06409026658145	NA	Intron	-0.0453964251051234	NA
GNAI1	-0.243299700865636	NA	Intron	0.0198907905105101	NA
GNAO1	-14.9967111740242	NA	Promoter	0.132091270987669	NA
GNAT2	-6.68268840567809	NA	Intergenic	0.295874839491193	NA
GNAZ	-1.15293735650979	NA	Intergenic	-0.547774539565499	NA
GNB2	-5.29864209077522	NA	Exon	-1.10022649752111	NA
GOLGA3	-22.887920704993	NA	Intron	-0.0128559961704717	NA
GOLGA5	-1.18449533614539	NA	Intron	-0.164856890976605	NA
GOLIM4	3.10577768445017	NA	Intergenic	-0.246631224888596	NA
GOLM2	7.47034361023287	NA	Intron	-0.251649189827592	NA
GOLPH3	6.62917822524798	NA	Intron	-0.298349872281666	NA
GORAB	0	1	Intergenic	-0.314666575412671	NA
GPATCH2	-15.3155955864518	NA	Intron	-0.189697733592739	NA
GPBP1	-4.60103062151855	NA	Intron	-0.192446628054246	NA
GPC5	9.20749384641639	NA	Intron	-0.0234198444863884	NA
GPM6A	-8.25195678124674	NA	Intron	-0.0295233034098993	NA
GPR137C	5.09377437842217	0.395263013784074	Intron	-0.680419976505448	NA
GPR139	-7.4529641990689	NA	Intergenic	-0.707304341615082	NA
GPR143	-8.67143947960668	NA	Intron	0.296203352425209	NA
GPR158-AS1	6.47760843192953	NA	Intron	-0.464436016927649	NA
GRB10	6.91220127175965	NA	Intron	0.0471850220748731	NA
GRID1	0.372929360860682	NA	Intron	0.122340400578406	NA
GRID2	9.24890352446283	0.0427249848463924	Intron	0.752928255181735	NA
GRIK2	3.44451388436456	NA	Intron	-0.240862417025064	NA
GRIK3	0.276730949201468	1	Intron	0.240400542854053	NA
GRIK4	8.79064485108354	NA	Intron	0.117252441663069	NA
GRM3	-0.00270356819009898	NA	Intergenic	0.742825898028787	NA
GSC	0.209687914328232	1	Intergenic	-0.850239115887079	NA
GSDME	21.8930890329292	NA	UTR	-0.242713277573375	NA
GSG1L	-24.1784171924935	NA	Intron	0.299724324403514	NA
GSTZ1	8.08980649436342	NA	UTR	-0.301510747051747	NA
GTF2I	-8.60902886438134	0.0662620571418521	Intron	-0.0572133426821297	NA
GTF2IRD1	-1.35502809735889	NA	Intron	-0.233718701238096	NA
GTF3C1	1.53082299455685	NA	Intron	0.0851236843861901	NA
GUSBP11	8.0418705128424	NA	Intergenic	0.347523313428034	NA
GXYLT1	9.21148480077338	0.0328342920264512	Intron	-0.473019093887076	NA
HACD1	1.23848083743405	1	Intergenic	-0.964720459510344	NA
HACL1	0.222002637141371	NA	Exon	0.0980361463522496	NA
HAGHL	8.45704494596348	NA	Promoter	-0.287303327728322	NA
HCCS-DT	6.44349405866943	NA	Intron	-1.27323762042303	NA
HCLS1	-0.685074191638843	1	Promoter	0.140850215598951	NA
HDAC4	1.40676751840987	NA	Intergenic	0.21759062698035	NA
HDAC7	0	1	Intron	-0.323083822684658	NA
HDAC8	-3.43786824190785	NA	UTR	-0.039747352075526	NA
HDAC9	-7.21858415918759	NA	Intergenic	0.393151713842562	NA
HDGFL3	2.98811834034793	NA	Promoter	-0.00548487579975284	NA
HECA	0	NA	Intron	-0.0250909833487609	NA
HECTD3	16.585339479164	NA	UTR	0.317108972414619	NA
HECTD4	2.70907966825932	NA	Intron	0.0947544943770883	NA
HELB	8.28345216729373	NA	Intergenic	-0.31729122747871	NA
HGSNAT	-23.6247805324108	NA	Intergenic	-0.38867144365548	NA
HINT3	-5.70051322532816	NA	Intron	-0.524241663583296	NA
HIP1	0.276730710772431	1	Intron	-0.00054549981423875	NA
HIRIP3	-3.73792388239928	NA	Promoter	-1.52804746432991	NA
HK3	1.72999655436121	1	UTR	-0.187217962138948	NA
HMGB3	0	1	Promoter	-0.864278773871907	NA
HMGCS1	-2.69487966508828	NA	Intron	-0.25534961812289	NA
HMGN3-AS1	6.09619839291354	NA	Intron	-0.172291509092838	NA
HNF4G	-15.3025531406178	NA	Intergenic	-0.763979928815865	NA
HNMT	0.277682768353043	NA	Intergenic	0.241681537556514	NA
HPS1	-4.15307555249615	NA	Intron	0.578464016752172	NA
HRH1	-1.53874023266933	1	Intergenic	-0.491277472867909	NA
HS6ST1	-4.02995989867769	NA	Intron	-0.389891522019951	NA
HSD17B12	-0.344367113986084	NA	Promoter	-0.00612458948864538	NA
HSD17B2-AS1	7.39228898936357	NA	Intron	-0.615455460525307	NA
HSD17B7P2	-23.1127075728702	NA	Exon	-0.230613090089828	NA
HSDL2-AS1	-23.0149124142442	NA	Intron	-0.0271704220377205	NA
HSP90AA1	-0.660569258958211	NA	Intron	-0.219114496393321	NA
HSPD1	0.761928359146022	NA	UTR	-0.399663172908155	NA
HTT-AS	-6.89796592993968	NA	Promoter	0.0155620867445912	NA
HUNK	-6.7071159284235	NA	Intron	-0.557826824439193	NA
HUS1	-21.7056732997977	NA	Intron	-0.463769623886565	NA
HYDIN2	-5.11159961286381	NA	Promoter	0.479292982625899	NA
IER2	5.78878257888849	NA	UTR	-0.90133861452629	NA
IFITM3	-6.14935436789134	NA	Intergenic	-0.927306538823816	NA
IGF2BP3	-4.04205597489467	NA	Promoter	-0.0109516032274505	NA
IGFBP5	0.819474421809108	NA	Intron	-0.265875855602629	NA
IGFBP7	-0.167766256133871	NA	Intergenic	-0.392177113073714	NA
IL12A-AS1	9.48220279707747	NA	Intron	0.843072786212364	NA
IL20RB-AS1	4.41235643187131	NA	Intergenic	-0.163298341912817	NA
ILF3	4.68316928693165	NA	Promoter	-0.143861359520609	NA
IMMP2L	1.16076568661391	NA	Intron	0.145017645554201	NA
IMPA2	8.23823070095979	NA	Promoter	-1.27168390581148	NA
INHBA	-8.6186661491657	NA	Intron	-0.583931455262172	NA
INSC	-2.2826031511186	NA	Intron	0.804809387087044	NA
INSYN2B	-4.94495260465007	NA	Intron	-0.410310246187825	NA
INTS13	21.2635510649886	NA	Intergenic	-0.497115044400253	NA
IPMK	1.48402768826858	NA	Intergenic	-0.000548492721668533	NA
IPO13	0.685584784364481	NA	Promoter	-0.0953250118527028	NA
IPO7	1.7739085055173	NA	Intron	-0.338333501082161	NA
IPO8	-6.89950419017753	0.105819075671796	Intergenic	-0.277606648992086	NA
IQCJ-SCHIP1	-6.54721612237406	NA	Intergenic	0.241758431505764	NA
IQSEC1	-20.4857459267022	NA	Intergenic	-0.316890865836706	NA
IRAIN	-4.31368123572059	NA	Intron	-0.888420524931809	NA
ITGA2B	-8.37112478730755	NA	Intron	-0.181866228457097	NA
ITGBL1	0	NA	Intergenic	-0.468798684396765	NA
ITPRID1	0	1	Promoter	-1.07833933636467	NA
JADE1	-7.03037417612184	NA	Exon	-0.392839516088751	NA
JAG1	0.584059747400336	NA	Intron	-0.0958597041104988	NA
JAK2	-3.08535833749113	NA	Intergenic	0.0546469758247647	NA
JMJD6	-6.71018338693949	NA	Promoter	-0.515467671608957	NA
JMJD8	5.78797747389989	0.0764432328866875	Promoter	-0.0388865349001807	NA
JPH1	8.40505448079117	0.0685319788042535	Promoter	-0.109567909969923	NA
JUND	2.52635264126913	NA	Promoter	-0.638962011175505	NA
KALRN	7.30443577312765	NA	Promoter	0.230294432516343	NA
KATNA1	-6.06895505101511	NA	UTR	-0.40861224461183	NA
KATNAL1	-23.4240566124808	NA	Intron	-0.296769577003536	NA
KAZN	-6.04413865189182	NA	Intron	0.243783835711934	NA
KBTBD2	-4.3019063141681	NA	Intergenic	-0.41345102609049	NA
KCNB1	-2.57706563024645	NA	Promoter	0.119328049120802	NA
KCND2	0.259037731797373	NA	Intron	-0.0214890310054285	NA
KCNH3	-17.4102445583758	NA	Promoter	-0.973609052933981	NA
KCNH7-AS1	-7.62787472101474	NA	Intron	-0.185164861721229	NA
KCNIP3	16.9680054208725	NA	Intron	-0.10781236217569	NA
KCNJ11	-7.24403042607521	NA	Intron	-0.913188242891092	NA
KCNJ4	8.45897771857633	NA	Intron	0.075180199408894	NA
KCNK1	-0.573571967147706	NA	Intergenic	0.679060047507866	NA
KCNK9	7.71138994081505	NA	Intergenic	-0.76568123148041	NA
KCNMB4	-9.67867621920716	0.0661564781640435	UTR	0.541836363104815	NA
KCNN2	-6.14930951116747	NA	Intergenic	-0.783006231462016	NA
KCNN3	-9.25724433828156	0.0505344639765825	Intron	-0.0370290326502211	NA
KCNQ5	-23.1968711747605	NA	Intron	-0.708062536405024	NA
KCTD20	-0.76146719806609	NA	Intron	-0.37023632317763	NA
KHDRBS2	-15.1235138552432	NA	Intron	1.12953703649233	KHDRBS2
KIAA1328	0.812011765183111	NA	Intron	-0.208378666646547	NA
KIAA1549L	0.912706617487184	NA	Intron	-0.361883398150308	NA
KIAA1755	9.52641729540958	NA	Intron	-0.158594399569878	NA
KIF13B	-22.1886046607465	NA	Intergenic	-0.23610595578018	NA
KIF16B	8.93517379583631	NA	Intron	-0.377163435483714	NA
KIF20A	0	1	Promoter	-2.30079244192967	NA
KIF26B-AS1	-17.8875548386999	NA	Intron	-0.0153036106516387	NA
KIF3B	-6.42945523151165	NA	Intron	-0.381553381112319	NA
KIF7	0.403167425846126	NA	UTR	-0.37862095435695	NA
KLF3-AS1	15.5935072028283	NA	Intron	0.111252646716343	NA
KLF9	-5.87310190445551	NA	Intron	-0.537356122896913	NA
KLHDC1	1.16123273228009	NA	UTR	0.0387681097600033	NA
KLHDC8A	-7.43247845134479	NA	Intron	0.0942303103346128	NA
KLHDC8B	-15.9742114813753	NA	Promoter	-0.061261075372484	NA
KLHL13	-0.976989015148444	1	Intergenic	-0.285803442907023	NA
KLHL4	-3.99764038875714	NA	Intergenic	-0.54842907245856	NA
KLHL41	2.00798128962262	NA	Intron	-0.701133529631694	NA
KLHL7	7.98123193659784	NA	Intron	-0.181526853264203	NA
KRIT1	7.69807123898358	NA	Intron	-0.035721943708087	NA
KRT18	-6.02551531425071	NA	UTR	0.501116271556494	NA
KSR1	3.08072174302836	NA	Intron	0.232581318722919	NA
KSR2	5.96828007830488	NA	Intron	0.37880495584273	NA
KTN1	5.25459549756576	NA	Intron	-0.216912295097399	NA
KY	-3.77023898519836	NA	Intron	-0.1071225822164	NA
L3MBTL3	1.23847319728899	1	Intergenic	-0.124819277453693	NA
L3MBTL4-AS1	-9.06869106625847	NA	Intron	-1.04970107952099	NA
LAMB4	6.45040097704271	NA	Intron	-0.585351071682418	NA
LAMTOR1	19.8256689739628	NA	UTR	-0.513526051730405	NA
LANCL2	-1.3946874411524	NA	Intron	-0.0961761185189627	NA
LARP1B	0.631600766178813	NA	Intergenic	-0.469173821752055	NA
LAS1L	2.82924157494936	NA	Intron	0.123600882101268	NA
LDB2	1.19165302963329	NA	Intron	-0.168099038416271	NA
LDB3	0	NA	Intergenic	-0.0291771612805405	NA
LHFPL3	5.6608867413001	NA	Intron	-0.00485951121007898	NA
LHFPL3-AS1	0.259636866608309	NA	Intron	-0.167049821335608	NA
LIG4	6.81586505488452	NA	Intergenic	-0.470365128906906	NA
LIN28B	-8.75529677684865	NA	Intron	1.09567805508202	LIN28B
LIN7A	-9.20890261279143	NA	Intron	0.0760145377254232	NA
LIN9	-1.17919690716438	NA	Promoter	-1.19113431079284	NA
LINC00158	-2.6385936093093	NA	Intron	0.680270491426273	NA
LINC00174	-0.436138971742458	NA	Promoter	0.18840805147026	NA
LINC00276	-2.21547199132615	NA	Intron	-0.807011968480327	NA
LINC00299	-7.05402566173913	NA	Intron	0.117049018697479	NA
LINC00540	0	1	Intron	1.12193654606124	NA
LINC00641	-3.11537942587415	NA	Intergenic	0.0304615155207915	NA
LINC00907	-9.39860528442177	0.0464092156781433	Intron	-0.02418077347924	NA
LINC01085	19.3819185652089	NA	Intron	-0.616135732082687	NA
LINC01090	-6.7426347843551	NA	Intron	1.0738674660778	NA
LINC01126	-22.8197610484266	NA	Intron	0.463048925375011	LINC01126
LINC01162	9.26588855221334	0.0653535403077185	Intron	0.927442166120109	NA
LINC01208	-9.08373174174015	0.0438184328867156	Intron	0.927755643736037	LINC01208
LINC01232	-2.37417760908025	NA	Promoter	-0.891047364934893	NA
LINC01258	-7.46961346931616	NA	Intron	-0.497003661764718	NA
LINC01277	1.26811096041332	NA	Intron	0.288673039838381	NA
LINC01341	-22.7471681001071	NA	Intron	0.137476022355706	NA
LINC01376	-2.21151615222239	NA	Intron	1.103457095139	NA
LINC01415	0.675479350558423	NA	Intron	-0.378930268000313	NA
LINC01422	6.1037521528818	NA	Intron	0.455106236909272	NA
LINC01429	-8.26387627355605	0.0631053267351674	Intron	-0.408868158977866	NA
LINC01470	2.78301050458726	0.821493430736792	Intron	0.74780665124096	NA
LINC01473	-5.75730872042311	NA	Intron	-0.149982844187627	NA
LINC01505	0	1	Intron	-0.126393774568269	NA
LINC01515	-1.27501688809945	NA	Intron	1.04768237505158	NA
LINC01567	-6.16426743540263	NA	Intergenic	0.273482837146701	NA
LINC01630	-6.63330243882759	NA	Intron	-0.908215478738289	NA
LINC01876	-5.96311466971914	NA	Intron	1.04621457811238	NA
LINC01937	-8.18422036245472	0.0751832172177248	Intron	0.308954048211426	NA
LINC01990	0.276705270271337	NA	Intron	1.01104826986891	NA
LINC02003	8.92659778536919	0.0344314628828522	Exon	-0.202031133609868	NA
LINC02006	-9.09806347787832	NA	Intron	-0.141612846957746	NA
LINC02021	-6.71593327933144	0.0441118306492639	Promoter	0.0104399070952597	NA
LINC02035	4.12453826308628	NA	Exon	0.0129423297864557	NA
LINC02060	-6.30500601387123	NA	Intron	-0.284429287859297	NA
LINC02073	-6.45571731712594	NA	Intron	-0.906741972830882	NA
LINC02119	-0.481255663126196	1	Exon	-0.0976468977202176	NA
LINC02150	0	NA	Intron	0.334864534037692	NA
LINC02233	8.14948669603874	NA	Intergenic	0.336847652889398	NA
LINC02240	-7.88546228773065	NA	Exon	0.628011655974849	NA
LINC02283	7.07645013095416	NA	Intergenic	0.837468863346951	NA
LINC02284	1.73931127361723	NA	Intron	0.132768191111365	NA
LINC02315	0	NA	Intron	1.18887253938312	NA
LINC02345	18.4889632790655	NA	Intron	-0.745841454455085	LINC02345
LINC02373	-8.42120907349347	0.0456693379356607	Intron	-1.07680269106656	NA
LINC02450	1.17385805271283	NA	Intergenic	-1.10995265449554	NA
LINC02516	20.1402672600653	NA	Intron	0.553726166848061	NA
LINC02542	-6.51876656224532	NA	Intron	0.73865359154433	NA
LINC02546	-4.4450974177625	NA	Intron	-0.642958138102235	NA
LINC02568	10.5869786175076	0.0328342920264512	Intron	0.108637344447931	NA
LINC02608	2.55216385382895	NA	Intron	-0.365025085952525	NA
LINC02742	1.22903310951461	NA	Exon	-0.745662057359822	NA
LINC02751	0.163065247792666	NA	Intergenic	0.8207840340795	NA
LINC02987	-2.35868945797407	NA	Intergenic	-0.37992835112571	NA
LINC03000	-10.0059709432415	NA	Intron	0.102830904789768	NA
LINC03018	-3.36890581904678	NA	Intron	-1.76692859041028	NA
LINGO1	-23.7498861667004	NA	Intron	0.118823643568087	NA
LLGL1	1.67389208642304	NA	UTR	-0.18729318722878	NA
LMAN2L	7.47443431192946	NA	Intron	-0.33315418530508	NA
LMBRD1	6.47941202682498	NA	Intron	-0.108831748288888	NA
LMNTD1	-21.0852015928909	NA	Intergenic	-0.159983378429415	NA
LMO3	4.36030477855959	NA	Intron	0.914246465227264	NA
LNX1	-1.28508098807621	1	Intron	-0.423041383793857	NA
LOXHD1	8.87083209044028	NA	UTR	0.210850291729199	NA
LPAL2	0.303057151759911	NA	Intron	-1.04514227610554	NA
LPL	19.2913820291003	NA	Intergenic	-0.624150061610103	NA
LRATD1	7.99649701100057	0.0593111022286735	Intron	-0.222944021872798	NA
LRBA	-1.03292858803655	NA	Intron	0.0342670344726907	NA
LRCH1	9.10610177774557	NA	Intron	0.0793222993720801	NA
LRIG1	2.20843861982907	NA	Intron	0.032833775017515	NA
LRIG3	-4.86511333835428	NA	Intron	0.486134619990714	NA
LRP1	-0.688557152366628	NA	UTR	0.32162602447064	NA
LRP1B	1.39679293293389	NA	Intergenic	0.0474017738305772	NA
LRPAP1	8.19797989933525	0.0379252716199222	Intron	0.0433545084452299	NA
LRRC3B	0.962798222401149	NA	Intergenic	-0.900174319646596	NA
LRRC4C	2.1972709686173	1	Intron	0.0515094566965974	NA
LRRC75B	6.01065023614926	NA	UTR	-0.558900271862296	NA
LRRC78P	2.82844756567488	NA	Intergenic	-1.65161883449547	NA
LRRC8B	1.6697696421538	NA	Exon	-0.186664449681728	NA
LRRIQ3	1.83582364062676	NA	Intergenic	0.182021737102749	NA
LRRN1	-8.40800705337993	0.0456693379356607	Intron	0.105429276460923	NA
LRRTM1	-7.62370052305407	0.0553556099848151	Intron	-1.00078655033819	NA
LRRTM4	-5.46994688491355	NA	Intron	0.253392388224515	NA
LUARIS	-3.33186722405881	NA	Intron	-0.735940862192012	NA
LUZP2	-16.221247920357	NA	Intron	-0.246323654402475	NA
LYRM4-AS1	1.03169264717777	NA	Intergenic	-0.496340545592403	NA
LYSMD3	13.6307460775326	NA	Intron	-0.301145972496666	NA
MACROD2	-6.45271374396925	NA	Intron	-0.132403407487795	NA
MAFF	7.33578297250235	NA	Promoter	-0.408060267608085	NA
MAFTRR	-5.82293752592994	0.0629415261298177	Promoter	-0.312635581595297	NA
MAGI1-AS1	-0.174235180646132	NA	Intron	0.333050248111984	NA
MAN2B2	-8.81125363482809	NA	Exon	-0.326100953941586	NA
MAP1B	-6.88239566721142	0.155191795412096	Intergenic	0.00646791578948305	NA
MAP2	2.14736608146099	NA	Intron	0.0628941525788658	NA
MAP3K3	7.86317790211748	NA	Promoter	-0.364519271598398	NA
MAP3K4-AS1	-22.0526522028187	NA	UTR	-0.850737802232332	NA
MAP4K3-DT	7.06712991761883	NA	Intron	-0.147507271957915	NA
MAPK11	-0.788110570229378	NA	Promoter	0.0747218455274767	NA
MAPK4	-22.4014656030213	NA	Intron	-0.392038731266971	NA
MARCHF1	2.77987640682989	NA	Intergenic	1.06710843936881	NA
MARCHF3	-21.0210263350455	NA	Intron	-0.0301247721393018	NA
MATN1-AS1	-7.5116261485559	NA	Promoter	-0.324482280463338	NA
MB21D2	0.2597575778958	NA	Intergenic	-0.134987908290399	NA
MBOAT1	-1.53394041147083	1	Intron	-1.52441658392504	NA
MBP	5.41539827048068	NA	Intron	-0.106070642413521	NA
MCFD2	0	1	Intron	-0.236357793201143	NA
MCPH1	7.17475465771846	NA	Promoter	-0.225985238334037	NA
MDGA1	-0.836892311574508	NA	Intron	-0.37646894043322	NA
MDGA2	-9.53713139515676	0.039542327098067	Intron	-0.0231779986668206	NA
MDN1	7.53701494267365	NA	Exon	-0.0490412220286957	NA
ME2	0.672048710569611	NA	Intergenic	-0.514373274314476	NA
ME3	-6.49911275196218	NA	Intron	0.138849866251588	NA
MED1	9.05676396795121	0.057756619791877	UTR	-0.370058769221165	NA
MED9	7.47462621581222	NA	Exon	-0.308256868995303	NA
MEF2C	-1.480987793816	NA	Intron	0.0989250690913299	NA
MEF2C-AS1	-1.04965536433884	1	Intron	0.982842279042089	NA
MEP1B	-8.72316575185357	0.0934900803447402	Intron	-0.174341522733846	NA
METTL14-DT	-22.8706111425533	NA	Intron	0.390388839908515	METTL14-DT
METTL15	-7.04449807599009	NA	Intron	-0.0286608477174121	NA
MEX3D	8.30544762502785	NA	Intron	-0.595703515698298	NA
MGAT4C	9.56649529748802	NA	Intergenic	0.829205616640116	NA
MGST1	-2.81863400476368	NA	Intergenic	0.952575704002301	NA
MIB2	0.577111683173335	NA	Promoter	0.41614970552398	NA
MID1	-15.1100324447071	NA	Intron	-0.33665019352657	NA
MID1IP1	0.304522855874544	NA	Intron	-0.319157592830488	NA
MIR3171HG	19.6680338770925	NA	Intergenic	1.01846128885443	NA
MIR3667HG	3.21643272120383	NA	Intron	-0.0561467980131747	NA
MIR924HG	20.4640537790276	NA	Intron	-1.29118068899866	MIR924HG
MIR99AHG	-2.56985921966978	0.907950513034008	Intron	0.102534445431003	NA
MKLN1-AS	4.58693868100053	NA	Promoter	-0.41872548413828	NA
MKS1	-7.11705898183372	0.0379252716199222	Promoter	-0.504932391530713	NA
MLANA	4.41339651973963	NA	Intron	-0.794049173513631	NA
MLIP	-7.32358932348764	0.0888076368132926	Intron	0.555486249081939	NA
MLLT1	-0.819277598460826	NA	Promoter	-0.0281811157134627	NA
MMADHC-DT	0.906777862643567	1	Intergenic	0.699670365528688	NA
MMP16	0.27403835454624	NA	Promoter	-0.00961030193946876	NA
MMP24	-14.3213216376896	NA	Exon	0.193968788852345	NA
MMUT	2.26109433005036	NA	Intergenic	-0.544565188298871	NA
MN1	6.36809233370182	NA	Intron	-0.775525893860876	NA
MNT	-9.08291823835602	NA	Exon	-0.0389310591160635	NA
MNX1	-14.9371611138267	NA	Intergenic	-0.260766955298031	NA
MOCS2	-1.77737327162188	NA	Intron	-0.704641748807979	NA
MPHOSPH6	-0.756758706054905	NA	Intergenic	-0.338532569767782	NA
MRM2	-9.57408232650836	0.0237091212736804	Intron	-0.96648880015422	NA
MROH1	0.91651983628481	1	Exon	0.179934874574603	NA
MROH9	2.48834692073668	NA	Intron	-0.216418820397511	NA
MRPL35	-0.126376899209537	NA	Exon	-0.894514921198354	NA
MRPS11	-3.86515855435652	NA	Intergenic	-0.546567805895511	NA
MRPS23	-1.35485625427903	NA	Intron	-0.607128983913815	NA
MRPS27	1.78247001429191	NA	Intergenic	-0.200886325685456	NA
MRS2	-2.19856049732643	NA	Promoter	-0.259730806958988	NA
MRTO4	-4.52624355237803	NA	Exon	-0.957451565238894	NA
MSANTD1	6.84924879153576	NA	Intron	0.744515686235865	NA
MSRB3	-8.27537066478448	0.0604816784868621	Exon	0.334472936227281	NA
MTBP	-21.587384258328	NA	Intron	-0.989876421266829	NA
MTCL1	0.189898670297682	NA	Intergenic	-0.124971861643269	NA
MTERF1	21.4732097314908	9.18276636648445e-06	Intron	-0.194134472547575	NA
MTERF3	2.54783704280417	NA	Promoter	-0.339918771183295	NA
MTFR2	0	NA	Promoter	-2.52012792490289	NA
MTHFD2	8.20942674882298	0.0379252716199222	Intron	0.583917955777599	NA
MTMR7	-7.28759362287993	0.124295126168796	Intron	-0.194548622060914	NA
MTPN	-6.14106260064861	NA	Intron	-0.538569154782018	NA
MTRES1	-3.94992256756634	NA	Intron	-0.380743544002913	NA
MTUS1	13.6031709874582	NA	Intron	0.220887952286323	NA
MYBL2	-7.47858154496271	NA	Intron	-3.01630034455281	NA
MYBPHL	8.71448426806545	0.0830378732942949	Intron	-0.466400054105491	NA
MYH10	-0.685114923177804	1	Intron	-0.129334160724893	NA
MYH15	-16.1381660294213	NA	Intergenic	-0.536985868375725	NA
MYH16	-0.649690700324161	NA	Intron	0.148566723131092	NA
MYL9	-7.48747716611193	0.0428366180438725	Intron	-0.493458996969135	NA
MYLK2	-3.12696063514847	NA	Intron	-3.18233311029949	NA
MYO1B	2.4143945741949	NA	Intron	1.10942691572104	NA
MYO5B	0.490684683127719	NA	Intron	0.219646718441795	NA
MYO7A	-8.80490927162386	0.0474850211558731	Exon	0.338354404816574	NA
MYRIP	-0.230426560750766	1	Intron	-0.434956052727327	NA
MZT1	6.16849152954685	NA	Promoter	-1.81628390953881	NA
N4BP2L2	-7.39985604360395	NA	Promoter	0.167056019024472	NA
NAAA	6.14576967130255	NA	Intron	-0.409664724915908	NA
NAALADL2	8.55149786867204	NA	Promoter	-0.120553447630902	NA
NAB1	-22.1063395774957	NA	Intron	-0.447985436683019	NA
NADK2	-0.748247812794194	1	Promoter	0.137337529633939	NA
NALCN-AS1	-22.9568450714367	NA	Intron	-0.221037816939202	NA
NAP1L3	6.46203656052791	NA	Intergenic	-0.74845799836986	NA
NAT10	-0.236466293970693	1	Intron	-0.264971173366642	NA
NATD1	0.809370949813496	1	Intergenic	0.377024095685843	NA
NBAS	1.23841968953389	1	Intron	0.0800970811098092	NA
NCAM1-AS1	7.8765903579298	NA	Intron	-0.374418707665664	NA
NCBP2AS2	6.94523535261875	NA	Exon	-0.642039613294181	NA
NCKAP5-AS1	21.9423676500051	NA	Intron	-0.774736128684872	NCKAP5-AS1
NCOA1	-9.08670711326182	NA	Intron	0.035324807954704	NA
NCOA2	-0.76897236532893	NA	Intron	0.0576011146694009	NA
NCOA3	-6.88394478418111	NA	Exon	0.0147604967987988	NA
NCOA5	8.08041133328575	NA	Intron	0.0704971203923518	NA
NCOA6	10.1800933117059	NA	UTR	-0.0783954251525009	NA
NDUFAF5	-6.64781378571108	NA	Intergenic	0.0947719423970815	NA
NDUFAF8	-5.31987630944635	NA	Intron	-0.405688906042121	NA
NDUFC1	21.4016357075358	NA	Intron	-0.926709835349478	NDUFC1
NDUFS4	3.24992199554819	NA	Intergenic	-0.306577320292333	NA
NEB	-3.52949052390419	NA	Intergenic	0.336799602241081	NA
NECAB2	5.47966496230278	NA	UTR	-0.736839824320419	NA
NEK6	-1.3703636994212	NA	Intergenic	-0.144519527789283	NA
NEK7	-21.7984414308849	NA	Intergenic	0.0942515833128682	NA
NELL2	8.50364983553061	0.0324730744377145	UTR	0.807644167796028	NA
NEO1	-8.03665224239857	NA	Intron	-0.185372745367371	NA
NEU3	9.10142463711311	0.0546850269316696	Intron	-0.298899441690658	NA
NF1	-7.31574226675306	NA	Intron	0.0518938139548632	NA
NFATC3	0.528200314036489	NA	Intron	0.0418581513601718	NA
NFYA	4.11719822326287	NA	Promoter	-0.522255253730232	NA
NGEF	0.711897635344198	NA	Intron	-0.315307006065182	NA
NHLH1	0.903549570575635	NA	Intergenic	-0.572362933222182	NA
NINJ2	15.0959935045012	NA	Promoter	-1.34545203266094	NINJ2
NINL	-6.01008822898452	NA	Intron	0.247272390034402	NA
NIPBL	8.20035601057575	0.0466586842334292	Exon	-0.0388072251553693	NA
NIPBL-DT	4.95217045381804	NA	Exon	-0.216375844927621	NA
NIPSNAP1	-0.76302562054732	NA	UTR	-0.66382196775858	NA
NKAIN2	1.75864684088768	1	Intron	0.956616164241303	NA
NKAIN3	3.47011029398375	NA	Intergenic	0.127838983119454	NA
NKILA	20.6847538743892	NA	Intron	-0.270382524581538	NA
NLGN1-AS1	21.5634230031031	NA	Intron	-0.783444866783002	NLGN1-AS1
NLGN4Y-AS1	5.61448841184171	0.155695857008989	Intergenic	0.0876744223279126	NA
NMD3	-2.73627755032452	NA	Intron	-0.129498766805962	NA
NME7	1.23276462462364	1	Intron	-0.0291407186489479	NA
NMT2	19.7239183820508	NA	Intron	-0.439192115350045	NA
NNAT	9.01959981712401	NA	Intergenic	0.777573614769003	NA
NNMT	-7.72291705968438	0.120899556565956	Intron	-0.241495793990599	NA
NNT-AS1	8.3172172566534	NA	Intergenic	-0.481169507069249	NA
NOL10	21.1165074242992	NA	UTR	-0.252549375493865	NA
NOL4	-4.12797925102204	NA	Intron	0.119966143971295	NA
NOL4L	-3.30243757080904	NA	Promoter	0.393518789064027	NA
NOP2	-16.0921573751151	NA	Promoter	-0.191214035549513	NA
NOS1AP	-5.28554391498738	NA	Intron	0.368950996807989	NA
NOTCH3	8.38154593570687	NA	Intergenic	-0.703133820612192	NA
NPAS3	6.43577285518962	NA	Intron	0.0713104563325687	NA
NPL	-5.74012787781111	NA	Intron	-0.116099459991373	NA
NR2C2	-5.94226398382494	NA	Intron	-0.0881337479583205	NA
NR5A2	-0.685117080653814	NA	Intergenic	-0.0453434321550045	NA
NRDC	-5.41735035041666	NA	Intron	-0.234898345059982	NA
NREP	13.6440617382391	NA	Intergenic	0.189621408671763	NA
NRG3	9.84813625216085	0.0344512798559998	Intergenic	1.0922850633187	NA
NRSN1	9.66298042486107	0.0442704331510357	Intron	0.0857390287654797	NA
NRXN1	1.77506514318023	1	Intron	0.0656837264554714	NA
NRXN3	-21.5439849660745	NA	Intron	0.207876771134522	NA
NSD3	-0.173604575123894	NA	Intron	-0.184183135234296	NA
NT5M	8.51095716784833	NA	Intergenic	-0.589364289433401	NA
NTN1	-1.37178594192586	NA	Intron	0.617278830535927	NA
NTPCR	1.83738621050569	NA	UTR	-0.0888106553572266	NA
NTRK3-AS1	0.333457959109761	NA	Intron	0.0584713272778808	NA
NTSR1	0	NA	Intron	-0.361009152500201	NA
NUB1	-3.37641569424143	NA	Promoter	-0.498999802427554	NA
NUDCD1	0.320421170956054	NA	Intergenic	-0.479494062545557	NA
NUP160	-1.55958445739359	NA	Intron	-0.164269573470812	NA
NUP43	-7.3113828468611	NA	Intron	-0.919759098317258	NA
NXPH1	0.160032356027079	NA	Intron	0.086838227926415	NA
OBSCN	2.28077075675656	NA	Promoter	0.254164894636878	NA
OBSCN-AS1	-0.263435396541899	NA	UTR	0.344170138137875	NA
ODC1-DT	-1.29751218391618	NA	Intergenic	-0.0760296525395948	NA
ODF2L	0	1	Intron	-0.402830065787675	NA
OFCC1	0	NA	Intron	0.916123084550012	NA
OLFM3	-5.57226813071137	0.302547142220183	Intron	0.941185844185345	NA
OLFML2B	-8.43746522200048	NA	Intron	0.183809914165376	NA
OLIG2	9.48092830009614	NA	Intron	-0.350657950324471	NA
OPCML	2.93215631075739	NA	Intron	-0.0273291113370064	NA
OPRM1	-8.00997067047734	NA	UTR	-0.293298612700431	NA
ORC6	-2.84809650637173	0.451285014535607	Promoter	-2.38856845503533	NA
OSBPL11	2.83318654435185	NA	Exon	-0.484773690989525	NA
OSBPL3	2.23180084753153	NA	Intergenic	0.000613719178495159	NA
OSBPL9	0.998785024675929	NA	Exon	0.0781424469374817	NA
OTUD1	-6.28448792976221	NA	Intron	-0.369885471199508	NA
OXR1	-3.86834416311841	NA	Intron	0.0451203226359786	NA
PACRGL	0.813529884897803	NA	Intron	-0.0323931921817931	NA
PAK1	0.298412100592014	NA	Intergenic	0.066436321492828	NA
PAK2	1.72386037446861	NA	Intron	-0.349283343164576	NA
PALB2	0.68657608342541	NA	Promoter	-0.542828691859367	NA
PAPOLA-DT	1.46941783113347	NA	Intron	-0.789226306793009	NA
PAPSS1	20.2372279484175	NA	Intergenic	-0.205440910079531	NA
PARP8	7.85314442901228	NA	Intron	0.130102030621711	NA
PARTICL	-2.92128632407823	0.360731135134653	Promoter	-0.787828616656439	NA
PARVB	2.38424269395498	NA	Intron	-0.379157068003149	NA
PATJ	13.5258994629862	NA	Intron	-0.342593839117114	NA
PAX8-AS1	0.0607754791969821	NA	Exon	-0.218704574769654	NA
PBDC1	-5.08294049037928	NA	Intergenic	-0.753043422958555	NA
PBX3	1.7161553306208	NA	Intron	-0.134273813315264	NA
PCA3	-2.6735118808003	NA	Intron	-0.2999762931007	NA
PCAT1	21.1603590405295	NA	Intron	0.774064605405009	NA
PCCA-DT	-22.4651256727699	NA	Intron	-0.154853561899025	NA
PCDH18	4.49328608453508	NA	Intergenic	0.714178621807336	NA
PCM1	-16.6320463605485	NA	UTR	-0.204226768817302	NA
PCSK1	-0.573510031811042	1	Intron	-0.970634199824615	NA
PCSK2	-5.37748520515179	NA	Intergenic	0.465798838105209	NA
PDAP1	-6.87629023897818	NA	Intron	-0.387001969375185	NA
PDCD2L	2.13937769132448	NA	Intron	-0.671898675635987	NA
PDCD5	6.86635140860724	NA	Intergenic	-0.662170277949753	NA
PDCD6P1	-5.08410867597811	NA	Intergenic	0.0403423748230947	NA
PDE10A	-2.40195164921239	NA	Promoter	-0.223676453499898	NA
PDE1C	15.1224568110234	NA	Intron	-0.0475543155267148	NA
PDE8A	1.50138486720475	NA	Intergenic	-0.415174965377922	NA
PDLIM3	7.13076954402982	NA	Intergenic	-0.582905864924127	NA
PDS5A	17.5023473272932	NA	Intron	-0.133859706613418	NA
PDZD11	-2.64043800912083	NA	Intron	-0.936084177776111	NA
PDZRN4	0.319951527165779	NA	Intergenic	-0.233336621669792	NA
PEG3	1.05410160622703	1	Promoter	0.0668738248116063	NA
PEX14	-6.40225007437639	NA	UTR	-0.0537940119517792	NA
PHACTR1	-0.365416628028122	NA	Intergenic	0.563776795495128	NA
PHACTR3	15.0850345572808	NA	Intron	-0.106804925763764	NA
PHF10	-1.3909090428063	NA	Promoter	-0.19619772091238	NA
PHF14	-1.61183519272384	1	Intron	0.0117304161355019	NA
PHF21B	-3.69806007013036	NA	Promoter	0.098371412469558	NA
PHKG1	1.16588347823341	NA	Promoter	-0.203859611060527	NA
PI4K2B	-6.93094133780495	NA	Intron	-0.460085977248875	NA
PID1	-7.40072477398084	0.0379252716199222	Intron	-0.0364819552814224	NA
PIEZO2	-18.4873963624842	NA	Intron	1.11350326060711	PIEZO2
PIGN	1.23841512254838	NA	Intron	0.00482256496564611	NA
PIK3R4	-9.01449132129802	0.0379252716199222	Intron	-0.174069135884508	NA
PINK1-AS	0	NA	Promoter	-0.406128667630823	NA
PITPNA-AS1	-6.75075150454544	0.13086594018078	Intron	-1.07788625817967	NA
PITX1-AS1	-7.73244352519483	NA	Intergenic	0.0598606762444501	NA
PKHD1	10.4724773028075	NA	Intron	1.29272644506817	NA
PKHD1L1	7.1395995135497	0.121180740595499	Promoter	-1.12802985126882	NA
PKNOX1	9.47052885752225	NA	UTR	-0.241951532646283	NA
PKP4	7.87151439861549	NA	Promoter	-0.313327354053465	NA
PLA2G4A	1.23846774269024	1	Intergenic	-0.0128747897543355	NA
PLA2G5	7.2855958902775	0.0758956451330886	Intron	-0.614336981223214	NA
PLA2R1	-5.74722282800539	NA	Intron	0.00455067041158274	NA
PLAC8	-6.15296045271612	NA	UTR	-0.304891824253686	NA
PLCB4	0.237801249139349	NA	Intergenic	0.0444936502731636	NA
PLCG1	-22.4061088804239	NA	UTR	0.390101888483366	PLCG1
PLD1	-21.3321338612442	NA	Intron	-0.350199689721657	NA
PLD3	1.18131356747358	NA	Promoter	-0.0841425419343964	NA
PLD5	-0.152287126616288	NA	Intergenic	-0.292033775368372	NA
PLD6	2.80673798493549	NA	Exon	-0.705381992015997	NA
PLEKHA5	-0.68506758257847	1	Intergenic	0.308976477531424	NA
PLEKHA8	0.905955801561776	NA	Intron	-0.0625685454656074	NA
PLEKHG3	-6.77896067503779	NA	Intron	-0.561377435825731	NA
PLIN5	15.8449564237828	NA	Intron	-1.40997882270768	PLIN5
PLPP5	1.11917226548741	NA	Intron	-0.567863546938938	NA
PLPPR5	8.69432039486919	NA	Intron	-0.162529071894319	NA
PLPPR5-AS1	-9.24654911759871	NA	Intron	0.51047072869563	NA
PLRG1	3.03100488334311	NA	Intron	-0.158915110677488	NA
PLXNA1	22.3089561913719	NA	Exon	0.350911150660559	NA
PLXNA4	0.0677300383150179	1	Intron	-0.0878740179967582	NA
PMEPA1	-20.6386589781285	NA	Intergenic	-0.0404354492235532	NA
PNMA2	-1.53050876034393	NA	Intron	-0.467185674606317	NA
PODXL	-1.15117386935388	NA	Intergenic	-0.163946042626355	NA
POLQ	-2.14759980152414	NA	Intron	-2.18684024233223	NA
POLR3F	7.64672189177638	NA	UTR	-0.428489483365787	NA
POTEF	-8.48588735921029	NA	Exon	1.09424047185267	POTEF
POU2F3	-6.44726343500305	NA	Intergenic	-0.834878649064489	NA
POU5F2	-8.11650582695103	NA	Intron	-0.0485662742860428	NA
POU6F1	9.6863345744275	NA	Promoter	-0.025421238590569	NA
PPARD	1.12217205681852	NA	Intron	0.0908289319168634	NA
PPARG	7.03595625115816	NA	Promoter	-0.69544763836279	NA
PPFIA2-AS1	0	NA	Intron	-0.0420435085710252	NA
PPFIA3	0.276739325124477	NA	Exon	-0.434676090502605	NA
PPFIBP2	0.529861891568694	NA	Intron	0.953429056999708	NA
PPIG	22.568907046696	NA	Intron	-0.365387577321565	NA
PPL	0.201988606950641	1	Promoter	0.27678486053788	NA
PPM1F-AS1	0.259592029454447	1	UTR	0.196421835460451	NA
PPM1L-DT	-5.55626715526685	NA	Promoter	-0.749311222927599	NA
PPP1R16B	-5.20129485565108	NA	Intron	-0.618689140274596	NA
PPP1R17	5.73144721564776	NA	Exon	-0.751407007396563	NA
PPP1R37	-8.41665608543585	NA	Intron	-0.0472692046932069	NA
PPP1R3G	0.27668274307143	NA	Intron	0.420921506190058	NA
PPP1R9A	17.0939537392344	NA	Intergenic	-0.0831199506979206	NA
PPP2R5E	-5.06532067477117	NA	Intron	-0.200318447790726	NA
PPP5C	8.00526723054085	NA	Promoter	-0.273477054162764	NA
PPRC1	20.2538940565887	NA	Intergenic	-0.458915140575653	NA
PRDM5	-8.37079846644629	0.0379252716199222	Intergenic	-0.0983240817325884	NA
PRELID2	2.23171342817901	NA	Intron	0.275477793600348	NA
PRKAG2	1.95729093053842	NA	Promoter	-0.338458948162696	NA
PRKAR1B	0	1	Exon	-0.348749304565558	NA
PRKAR2B	16.6666190082568	NA	Intergenic	-0.560927043894463	NA
PRKCA-AS1	-22.052485696358	NA	Intron	0.667336918965955	PRKCA-AS1
PRKCD	-0.0901361330387379	1	Intron	-0.00846568187373879	NA
PRKN	-1.28216109558171	NA	Intron	0.198630462589882	NA
PRMT2	-1.49110658593825	NA	Promoter	-0.278302313671135	NA
PROX1	-20.7264285391357	NA	Intron	-0.12762371476407	NA
PRPF3	7.35198714705211	0.106200060998351	Promoter	0.0140710560587161	NA
PRRC2C	-3.0160759302435	NA	Intergenic	-0.0768236347946382	NA
PRSS3	-7.54178099724636	0.152828791490324	Intron	0.388160065657985	NA
PSAT1	0.259505364072871	NA	Intron	0.530896923999502	NA
PSEN1	-4.91990554853747	NA	Intron	0.163525328841961	NA
PSMB2	0.276713957591234	1	Promoter	-0.731720453071914	NA
PSMD5	7.25718286918693	NA	Exon	-0.196403608978511	NA
PSMG2	-8.04026623526804	NA	Intron	-0.332010551977883	NA
PSPC1	6.80152301135359	NA	Intron	0.138745837467471	NA
PSPH	5.76664832890806	NA	Intron	-0.256228773179489	NA
PTCSC2	-1.62977444218369	1	Intron	0.412512465608298	NA
PTGFRN	-3.46906874775851	NA	Intron	0.0792452903432223	NA
PTK6	7.94923993063348	0.0328342920264512	Promoter	0.705923786596353	NA
PTN	0.885892217594462	NA	Promoter	-0.00954564403030717	NA
PTPN1	-1.60769967276041	NA	Intergenic	0.0162175423585685	NA
PTPN9	-8.42218815528198	NA	Intron	-0.247379381998394	NA
PTPRA	1.44977003850813	NA	Intron	-0.0525784107669158	NA
PTPRD	-6.67975016038673	NA	Intron	0.0692682917415216	NA
PTPRD-AS1	-21.0402311708375	NA	Intron	-0.414533184802092	NA
PTPRM	-5.74150965869817	NA	Intron	1.0300284432452	NA
PTPRZ1	-6.20022561306588	NA	Intron	0.0541629920262375	NA
PUDP	8.49604875233174	0.0418846848608327	Intron	0.195640689299794	NA
PUM1	18.3162387398092	NA	Intron	-0.00352820811122725	NA
PXDC1	-9.21240452325536	0.0632541361338524	Promoter	0.300109614069415	NA
PYGB	-0.253597215701846	NA	Exon	-0.173056599248891	NA
QDPR	-4.6696132530714	NA	Promoter	-0.825166326846233	NA
RAB12	-6.1958160846489	NA	Intron	-0.0496398841786954	NA
RAB29	-5.81910733026649	NA	UTR	-0.726147306563681	NA
RAB31	-7.18866459649362	NA	Intron	-0.195592312675404	NA
RAB3B	-2.53159734622718	NA	Intron	-0.172610960601456	NA
RAB3GAP2	-0.657279813523683	NA	Intergenic	0.0897446456417655	NA
RAB7B	-1.77091068758378	NA	Intergenic	-0.41643936550234	NA
RAD51	1.99681876502418	NA	Intron	-1.96843412576682	RAD51
RAD52	9.77865106982558	0.0636311430073512	Intron	0.073826201213511	NA
RAI1-AS1	7.29670683096402	NA	Intron	-0.0317454044883038	NA
RALBP1	8.44380621652444	NA	Intergenic	-0.748028649338368	NA
RALGAPA2	0.408730205466362	NA	Intron	0.0361890307668185	NA
RAMACL	-7.60024789191281	NA	Intron	0.201413203289576	NA
RANGAP1	-6.02241662891578	NA	Promoter	-0.659642094469086	NA
RAP1GDS1	-1.82914439932365	NA	Intergenic	-0.27334926321676	NA
RAPH1	-7.25640564479418	NA	Intron	-0.0945943280611941	NA
RARS1	22.1142482740039	NA	Intron	-0.307003150870504	NA
RASSF2	5.31445898900752	NA	Intron	-0.441136889947126	NA
RBBP8	-2.54264480588806	NA	Intron	-0.850035376645802	NA
RBCK1	3.70265964808518	NA	Intron	-0.286768368452773	NA
RBFOX1	8.43299991780819	NA	Intron	0.8486057823619	NA
RBL1	-6.57752735136632	NA	Intron	-1.44852589028888	NA
RBL2	-1.67988208476432	0.9844318563503	Intron	-0.221091709562478	NA
RBM15-AS1	6.21423230753436	0.0365844398920166	Promoter	-0.745483019305914	RBM15-AS1
RBMS3	-0.820087393663403	NA	Exon	0.21612665360427	NA
RBSN	0	1	Intron	-0.284746149990669	NA
RCC1L	-7.68793973899358	NA	UTR	-0.356678535501026	NA
RCOR1	3.11044442714777	NA	Promoter	-0.0859260890529019	NA
RDH10	3.25789902892332	0.306183534092363	Promoter	0.126761856344626	NA
RELN	0.276718217332073	1	Intron	0.876400851145935	NA
RESF1	8.24779416982311	NA	Intron	-0.249353172499003	NA
REXO1	7.05640463652706	NA	UTR	-0.14044429549602	NA
RGMA	-5.13196894180874	NA	Promoter	0.34660818619499	NA
RGMB	-0.113170302208181	NA	Intergenic	0.140660238463631	NA
RGS11	0.276729623605159	NA	Promoter	0.88651606633199	NA
RGS20	7.94364178148219	NA	Intron	-0.163637463847927	NA
RGS3	4.24958565830008	NA	Intron	0.0814176218713267	NA
RGS7	8.0602593123564	NA	Intergenic	-0.0750373466135739	NA
RHEB	-2.0596084022794	NA	Intergenic	-0.210833570364605	NA
RIF1	-7.45791964602718	0.110848557117471	Intergenic	-0.320805713043032	NA
RIMKLA	-2.66081817322267	NA	UTR	-0.519732637844587	NA
RIMS1	0.653451343318763	NA	Intergenic	0.0322625385986656	NA
RIMS3	-7.92493589018255	NA	Intron	0.48941777128067	NA
RIMS4	3.43850206074415	NA	Intron	-0.769942388527534	NA
RIN2	-4.79875998933798	NA	Intron	0.17647011648311	NA
RIN3	-0.685068799115422	1	Intron	-0.386349139076355	NA
RIOK2	-1.88406917359537	NA	Intron	-0.516934468869219	NA
RNF13	-7.21839981930791	NA	Exon	0.000518776585917247	NA
RNF150	0.97985448355871	NA	Intron	-0.016681511369914	NA
RNF180	-14.8780614424316	NA	Intron	0.0429378400110604	NA
RNF19B	9.64256303557343	0.0438184328867156	Intergenic	0.0716521027762626	NA
RNF2	1.77569344297074	NA	Intron	-0.226872866566874	NA
RNF220	8.81686124975366	0.0787929550691782	Intron	-0.309487472214079	NA
RNF32-AS1	8.55314166986334	NA	Promoter	0.110259257525878	NA
RNF6	-3.25966692529118	NA	Promoter	-0.343442130075959	NA
RNFT1	2.37066221250739	NA	Promoter	-0.749757502555315	NA
RNFT2	21.6792732012585	NA	Intron	-0.328640997449835	NA
RNPC3-DT	-5.54427496357764	NA	Promoter	-0.286907444726284	NA
ROBO1	0.550209784750274	1	Intergenic	0.0758991262119398	NA
ROBO2	-0.325128148497835	NA	Intron	0.213838032150189	NA
ROPN1L	-0.168851567417637	NA	Intron	-0.440091596155441	NA
RPA2	1.34158627742685	NA	Promoter	-1.20598571687701	RPA2
RPAP3	-1.20207633162226	NA	Intron	-0.446173137751505	NA
RPL13AP17	-8.13160341170241	0.0719410390587844	Intron	-0.877399943651974	NA
RPL35A	5.2733403609228	NA	Exon	-0.612645647088304	NA
RPL39L	-20.2513999386502	NA	Exon	0.540416523919886	RPL39L
RPL7	8.06562010106857	NA	Intron	-0.544335168523834	NA
RPS18P9	0.32963312102266	NA	Intron	-0.739435349410996	NA
RPS27A	1.33301991976154	NA	Intron	-0.59651955667999	NA
RRP15	0.836758058499811	NA	Intergenic	-0.361316157350273	NA
RRP8	-2.20431856782196	NA	Intron	-0.0867648611369584	NA
RSRC1	-7.0558741404206	NA	Intron	-0.263885846316737	NA
RTN1	13.5990335425045	NA	Intron	0.0867369923223354	NA
RUFY2	-0.602722392382045	NA	Promoter	-0.538246538930768	NA
RUNDC3B	-6.51231222331616	NA	Intron	-0.594054813830192	NA
RUNX1T1	-7.37073611567475	NA	Intron	0.167317598431756	NA
RUVBL1	5.53363697168498	NA	Intron	-0.417673173317623	NA
RWDD4	-5.23266768064175	NA	Promoter	-0.866718347421436	NA
RYK	-6.5979671767779	NA	Intron	-0.0303677266919632	NA
SAMD15	0.327671764287883	NA	Intron	-0.328176045157474	NA
SAMD4A	-6.8229927539307	NA	Intergenic	0.275360061078775	NA
SAMD5	-6.82952505511056	NA	Intron	-0.157592768972132	NA
SAMD9	-0.685066696960474	1	Intergenic	-1.46146860840227	NA
SAMD9L	-6.98424765028654	NA	Intron	-0.878172445138369	NA
SAP130	2.36345539130869	NA	Intergenic	-0.343823419306651	NA
SATB1	-1.6851413713488	1	Intron	-0.319079086217731	NA
SATB2-AS1	2.75131400938648	NA	Intergenic	-0.539233420945626	NA
SAV1	2.73686405494992	0.727622738535004	Intergenic	-0.291582209742551	NA
SAYSD1	-4.44768871535364	NA	Intergenic	-0.41254474912193	NA
SCAP	2.49077422328365	NA	Promoter	-0.184709032177189	NA
SCARF2	-7.22401439621431	0.103715729655201	Promoter	-0.965318974628379	NA
SCHLAP1	-7.17674016007724	NA	Intron	-0.338462242061805	NA
SCLT1	-1.17409751490554	NA	Intergenic	-0.508048068800831	NA
SCN1B	1.10186932670037	NA	Intron	-0.425709178017779	NA
SCN7A	-7.26197135513001	NA	Intron	0.784694889487748	NA
SCRN3	-4.03265369843411	NA	UTR	-0.24410621187714	NA
SDC1	1.0215312120759	1	Intergenic	-0.790238809109779	NA
SDC2	13.6104903987636	NA	Intron	0.259709021145418	NA
SDE2	-2.46930245704347	NA	Intergenic	-0.152431831773194	NA
SDHAF3	0.828460348207064	NA	Intron	-0.429369914962852	NA
SDHB	-5.97349747230948	NA	Intergenic	-0.496036953168649	NA
SEC11C	-8.18194188315751	0.0328342920264512	Promoter	-0.338265716099817	NA
SEC23B	-2.94911439740481	0.557562415545643	Intron	-0.298178894187936	NA
SEC61G-DT	-0.202197519308928	1	Intergenic	1.09771003455562	NA
SELENOK	-0.194181386488304	NA	Intergenic	-0.683413812875171	NA
SEMA6A-AS1	8.20930471070713	0.0629415261298177	Intron	0.00281658365901071	NA
SEMA6A-AS2	8.79646334089874	NA	Intron	0.485071440699372	NA
SEPSECS	1.23842723330523	NA	Intron	-0.155854518201508	NA
SEPTIN5	2.45825225968132	NA	Intergenic	-0.0883307443289336	NA
SEPTIN7P2	-2.17033173409368	NA	Exon	-0.273806296529852	NA
SERHL2	7.09183216458616	NA	Promoter	-0.316263560122208	NA
SERP2	-16.0370997460712	NA	Intron	-0.494389091101133	NA
SERPINB1	8.99000835772445	NA	Exon	0.0674142184312997	NA
SERPINE2	8.6299586044037	0.0629415261298177	Intergenic	0.383440889783419	NA
SERTAD3	-1.75343399686381	NA	Exon	-1.15765138546297	NA
SESN1	7.71887717545821	NA	Intron	0.545102939557338	NA
SESTD1	-5.97975463140296	NA	Intergenic	-0.10418605290734	NA
SFRP4	-16.046457231728	NA	Intron	-0.643968092842496	NA
SFXN1	13.599925892722	NA	Intergenic	-0.314068706822269	NA
SGCA	9.22039616583417	0.0365844398920166	Promoter	0.200254917125015	NA
SGSM3	0.446458663851717	NA	UTR	0.0415887458293363	NA
SGTA	1.29907699824401	NA	Intron	-0.0794580900258211	NA
SH3BP1	7.58649122989258	0.0698912256120735	Promoter	-0.476429263467849	NA
SH3GL1	-1.50323964015416	NA	Intron	-0.405346113459435	NA
SH3GLB1	-1.38879533129994	NA	UTR	-0.346807500763845	NA
SH3PXD2A	-3.23755406385074	NA	Intron	-0.125833311270914	NA
SH3PXD2B	-4.59913934176432	NA	Intron	-0.318989192262886	NA
SHC3	3.81422968047781	NA	Intron	-0.182374244049113	NA
SHC4	-2.35372929134705	NA	Intron	-0.297357837664617	NA
SIX1	-22.6907190333547	NA	Promoter	-1.21356112525567	NA
SIX4	-5.5594459052826	NA	Intron	-0.116290236240442	NA
SKINT1L	0.438072843585909	NA	Intron	-0.318064006092626	NA
SLC11A2	2.74902420568143	NA	UTR	-0.156219285832677	NA
SLC15A2	8.29613960783516	0.0422799855762872	UTR	0.362481666186292	NA
SLC15A4	9.48502174603017	NA	Intron	-0.0451140885744843	NA
SLC22A1	9.22413331183598	NA	Intron	0.287673154092539	NA
SLC22A14	-17.4449484472188	NA	Intron	0.0210080416201878	NA
SLC23A2	6.95577240758839	NA	Intron	0.155925545900767	NA
SLC24A1	-5.17146767485584	NA	Promoter	-0.135302069677523	NA
SLC25A32	-15.0965431742415	NA	Intron	-0.136966569322183	NA
SLC25A37	2.41299741143377	NA	Promoter	-1.03886787968646	NA
SLC25A44	-2.78515148011777	NA	Intron	0.101465046772385	NA
SLC26A3	-6.85279278823706	NA	Intergenic	-0.282931310840582	NA
SLC26A5	5.59724819891896	NA	Intron	-0.0723866201768541	NA
SLC27A4	1.71442814378054	NA	Intron	-1.11282523372034	NA
SLC28A2	0.978060643260344	1	Exon	0.355839708086146	NA
SLC29A1	9.96675053974843	NA	Promoter	-1.92684968500114	SLC29A1
SLC35F4	0.441730271877694	NA	Intergenic	-0.156428456387738	NA
SLC38A4-AS1	-1.74698163416554	NA	Exon	0.285661232641438	NA
SLC41A3	8.14079111436731	NA	Intron	-0.213116039854317	NA
SLC43A1	7.73621295602642	NA	Promoter	-0.0207176556048639	NA
SLC45A3	-5.5038430118873	NA	Promoter	-0.671901236191306	NA
SLC46A1	-22.2312388033112	NA	Intergenic	-0.473054520726541	NA
SLC48A1	-8.16627936821051	NA	Promoter	-0.103080913458786	NA
SLC4A11	0.108896578734523	NA	Intron	-0.268318003294953	NA
SLC5A12	-5.82918451347714	NA	UTR	0.212103732378801	NA
SLC6A11	-0.684360717920832	1	Intron	-0.445844883731264	NA
SLC7A11	1.2217521091392	NA	Exon	1.80589563175944	NA
SLC8A1-AS1	7.14596145699509	NA	Intron	-0.31315978613166	NA
SLC9A1	-1.01983762018167	NA	Intergenic	-0.31033040440393	NA
SLC9A8	1.69760731086569	NA	Intron	-0.0171359222332387	NA
SLCO5A1	-8.71440382875553	NA	Exon	-0.0713790726765021	NA
SMAD2	-8.4264323530836	0.0678516223575217	UTR	-0.0546836769404311	NA
SMAD9	-0.685058751937324	1	Intergenic	-1.131352519385	NA
SMARCA5	4.95279984822741	NA	Intergenic	-0.363071016291843	NA
SMG7	6.87972490726225	NA	Promoter	-0.119815150469275	NA
SMIM26	7.85449416089177	NA	Intron	-0.867416386795726	NA
SMIM29	9.94518680080883	NA	Intron	-1.07485059901201	SMIM29
SMIM3	1.23847445918782	1	Intergenic	-0.494158174576928	NA
SMIM5	0.380539030950344	1	UTR	0.200394404927389	NA
SMKR1	-5.48752127017224	NA	Intron	-0.980368823499729	NA
SMPD2	1.06736757728589	NA	Intron	-0.850269962144136	NA
SMS	9.4533427248649	0.0583773259001416	Intron	-0.692210547092696	NA
SNHG19	2.50403451546846	0.824832938672794	Promoter	-1.46351613253447	NA
SNN	-22.1174167065463	NA	Promoter	-0.484743131796298	NA
SNRPC	4.7420861611733	NA	Intron	-0.992211275028899	NA
SNUPN	-0.472563352962353	1	Intron	-0.488903100182419	NA
SNX4	13.5431023969081	NA	Intron	-0.212102852380165	NA
SNX9	5.31533048905959	NA	Intron	-0.241045320950478	NA
SOBP	4.86779972138654	NA	Intron	0.0836544196010561	NA
SORT1	-7.54436278874372	NA	Intron	-0.284903657128241	NA
SOX12	-0.685100472548956	NA	Exon	-0.630808686999732	NA
SOX2	6.36899579176755	NA	Intron	-0.236266095691053	NA
SP1	6.66127419496705	NA	Promoter	-0.474500069351434	NA
SP4	-6.0831455326424	NA	Intergenic	-0.408668219004014	NA
SPAG1	-6.8265041712162	NA	Intron	-0.668801582273228	NA
SPARC	1.31318834836234	NA	Exon	-0.166177116801529	NA
SPATA17	-0.620823490500549	NA	Intron	-0.0147077452244532	NA
SPATA18	7.26708432339575	NA	Intron	0.424817777818684	NA
SPATA32	-2.74382424249443	NA	Exon	-0.524676316277488	NA
SPDYE1	14.5058659845347	NA	Intron	-0.0312379214361818	NA
SPINK8	7.703917774298	NA	Promoter	-0.491135255806678	NA
SPOCK1	1.00010316366217	1	Intron	-0.185136041645792	NA
SPON1	0.2306366244762	NA	Intron	0.476014005021978	NA
SPOPL-DT	8.86229916926088	NA	Intron	-0.413100442571497	NA
SPPL2A	20.6831377213889	NA	Intergenic	-0.521920007606129	NA
SPRING1	6.74986129892819	NA	Intron	-0.417202326500861	NA
SPRTN	6.95606762329383	NA	Intergenic	-0.274652995223592	NA
SPTBN1	0.652748224247864	NA	Intron	-0.0781690911971329	NA
SPTBN4	0	NA	Intron	-0.347840990677643	NA
SRCAP	8.12654858005695	0.0105045239506016	Promoter	-0.0701336178720578	NA
SRF	-6.37560514172908	0.0781557119123503	UTR	-0.678428966844115	NA
SRR	-0.283190081340967	NA	Exon	-0.611186000303465	NA
SRSF4	6.99320549062569	NA	UTR	-0.0434456278478395	NA
SS18	-6.6088825755844	NA	Intron	-0.166032353961168	NA
SSTR2	-17.8984384453754	NA	Promoter	0.0278895503045187	NA
ST3GAL4	0	1	Promoter	-0.319177419487992	NA
ST6GAL1	-7.76465433861013	NA	Intergenic	1.52702013345187	ST6GAL1
ST6GAL2	0	NA	Intergenic	0.454595563974178	NA
ST6GALNAC3	22.3149173500827	NA	Intron	1.00263167099459	NA
ST6GALNAC5	13.5560023251641	NA	Intergenic	1.13573517634959	NA
ST8SIA2	-6.01520194643125	NA	Intron	0.994416484113756	NA
ST8SIA3	0	1	Intron	-0.247889462395625	NA
STAC2	7.87229065949497	NA	Intergenic	-0.908291652363777	NA
STAG1	0	1	Intron	-0.0781920777742788	NA
STAG3L4	-7.44999565853641	NA	Promoter	-0.129675966999483	NA
STARD3NL	-5.46994769417192	NA	Intron	-0.319884090043707	NA
STARD8	-8.25796359208604	NA	Intron	0.121997620918819	NA
STK38L	7.9533405588641	NA	Intergenic	0.0939378454163735	NA
STPG2	-7.85945806749179	NA	Intron	0.301890837936033	NA
STRAP	0.235985920693922	NA	Promoter	-0.460605153450446	NA
STRIP2	8.04503877800402	NA	Intron	-0.516223549680707	NA
SUCLG2	3.26553005776303	NA	Intron	-0.22840483582177	NA
SULF2	3.97380159823617	NA	Intron	0.158020430450202	NA
SUPT16H	-7.24223688841032	NA	Exon	-0.495825902349954	NA
SUPT20H	0.981035672279872	NA	Intron	-0.302032138640891	NA
SUPT5H	3.21151334734709	NA	Intron	-0.165779617316187	NA
SUPT6H	10.1580134921399	0.0458439110225341	Intron	-0.0685474155667163	NA
SUSD6	4.58726905286108	NA	Intron	0.588740049767505	NA
SVBP	1.1847343763937	NA	Intron	-0.883419695465348	NA
SWSAP1	-7.56190158570534	0.0328342920264512	Promoter	-0.695105203856469	NA
SYN3	-1.74376276837539	NA	Intron	-0.040180897307462	NA
SYNE1	21.6863206498613	NA	Intron	0.0190626665379968	NA
SYT1	-16.0084286175056	NA	Intron	1.18032345504363	SYT1
SYT11	2.18032395324011	0.70560149665672	Promoter	-0.252304112438603	NA
SYT13	0	1	Intron	0.207894855934794	NA
SYT14	-7.41893815512202	0.05443516382099	Intron	0.0500583804317724	NA
SYT6	0.231342647621646	NA	Intergenic	-0.529835912872306	NA
TAB1	-7.40514508429126	NA	Intron	-0.198477855178007	NA
TACR3	7.59003927771532	NA	Intron	0.151666923486607	NA
TAFA1	-20.7569445545652	NA	Intron	-0.517508380449719	NA
TAGLN	-3.86834534659965	NA	Intron	-0.966634975649475	NA
TANC1	1.57321777102338	NA	Promoter	0.0126323697731827	NA
TANGO6	2.34857607864905	NA	Intron	-0.228994401715022	NA
TARS1-DT	18.856416295234	NA	Exon	0.264283047508907	NA
TASOR	0.27672203016762	1	Intron	-0.178086546294273	NA
TASP1	8.86450393846892	0.0438184328867156	Intron	0.146171120595783	NA
TAX1BP1-AS1	-6.78223126123572	NA	Intron	1.06269617652409	NA
TBC1D17	-9.00826608759586	NA	Exon	0.00988806623700499	NA
TBC1D2	-1.57014808463995	1	Intron	-0.269813172203574	NA
TBC1D20	-1.27710728863647	NA	Intron	-0.317828154145645	NA
TBC1D2B	6.60838853110249	NA	Intron	-0.475812564476688	NA
TBX15	8.97612235856492	0.0345683251624032	Intron	-0.293646171436121	NA
TBXAS1	0	NA	Intron	-0.298307097996313	NA
TCERG1	2.12980949098055	0.954098680300564	Intron	-0.187924507397714	NA
TCF12	8.26687968823053	NA	Intron	0.0462045285931895	NA
TCF7	7.53968352267053	0.0490582426580192	UTR	-0.194570792729174	NA
TCTN2	0.992582087261857	NA	Intron	-0.531299655916887	NA
TDP1	-17.4015455969549	NA	Intron	-0.354665041044707	NA
TDRP	-6.88181536561599	NA	Intergenic	-0.17866574209115	NA
TEAD1	-19.9106097661165	NA	Intron	0.0920494066229931	NA
TEK	-21.4801987779498	NA	Intron	0.265592531740697	NA
TENM3-AS1	-0.738316948762686	NA	Intron	-0.0372627679943515	NA
TET2-AS1	8.1577424512396	NA	Intron	-0.0314933035136152	NA
TEX10	-0.780824171092362	NA	Intron	-0.111315842818386	NA
TEX30	7.97206161006055	NA	Promoter	-1.33040439649454	NA
TFPI2	-0.685064729350902	1	Intron	-1.05062874326937	NA
TGFB3	-9.20611377499799	0.0532018615513351	Intron	-0.682018012424381	NA
THAP6	2.09094316531954	NA	Intergenic	-0.129579628235579	NA
THOC1	7.94327698651053	NA	Intron	-0.187551319851583	NA
THRA	1.79265279039842	NA	Promoter	-0.472201987348256	NA
THSD4-AS1	-8.03244124640713	NA	Intron	-1.73304275756342	NA
THSD7A	-9.12202010038484	NA	Intron	-0.211026315651657	NA
THSD7B	-8.70984165791319	NA	Intergenic	0.417317212646004	NA
TICAM1	9.36524343502238	NA	Exon	-0.597515951818983	NA
TICAM2-AS1	6.87117618621201	NA	UTR	-0.131332755058535	NA
TIMM21	-6.00598065544429	NA	UTR	-0.507457576832171	NA
TIMM8B	0	1	UTR	-0.72226098534118	NA
TJP2	20.3271874608314	NA	Intron	-0.502001242365778	NA
TLCD1	-0.904198025910526	NA	Exon	-0.324398953457286	NA
TLDC2	8.67881226419805	NA	Intron	-0.797854340814251	NA
TLE4	-0.14092878247591	NA	Intron	0.618775830451791	NA
TLK1	-22.65019583089	NA	Intron	-0.178974649466682	NA
TM7SF3	-5.42329571140261	NA	Intron	0.0598657724663064	NA
TMA16	0	NA	Intron	-0.841067024992305	NA
TMC2	-3.55476697463352	NA	Exon	0.113682982892129	NA
TMCC1	-4.54874625542019	NA	UTR	0.0522204540876566	NA
TMED4	22.2896212940755	NA	Intergenic	-0.13873109599563	NA
TMEM106C	-5.12926671905259	NA	Intergenic	-1.56713134053736	NA
TMEM108-AS1	-6.7453940419686	0.166489264451977	UTR	-0.583169513903647	NA
TMEM117	7.43599274094455	NA	Intron	-0.36316210446319	NA
TMEM131L	1.01991571543317	NA	Intron	-0.22992499917638	NA
TMEM132B	-14.9701823727537	NA	Intron	0.327755582890456	NA
TMEM135	4.78477377877851	NA	Intron	0.0779044109099582	NA
TMEM139-AS1	-1.57446444359311	NA	Promoter	0.0802720901446764	NA
TMEM151A	1.10097194205789	NA	Promoter	-1.01526410302223	NA
TMEM154	0	NA	Intron	-0.947444132102888	NA
TMEM161B	22.0383111370578	NA	Exon	-0.03957286715088	NA
TMEM167A	-1.55217253668287	NA	Intron	-0.315801464822833	NA
TMEM17	8.31153484488289	NA	Intron	-1.043675985625	NA
TMEM170B	-6.71733048840276	NA	Intergenic	-0.0943294186550499	NA
TMEM178B	7.1802373581453	NA	Intron	0.174090820979621	NA
TMEM192	1.23847428214067	1	Intron	-0.179187035941073	NA
TMEM196	1.23845985676339	NA	Intron	-0.340311652725176	NA
TMEM254	1.18193101726042	NA	Promoter	-0.412195495654663	NA
TMEM260	0.502349565824513	NA	Intergenic	-0.0239571345189694	NA
TMEM263-DT	-1.33827934206886	NA	Exon	-0.602503556379708	NA
TMEM265	21.7677559088418	NA	Intron	-1.17842972174235	TMEM265
TMEM44-AS1	8.58929749269665	NA	Intergenic	-0.138611974269421	NA
TMEM45A	-23.0055857142954	NA	Intron	-0.536641246837015	NA
TMEM74	-1.10443810128041	NA	Intron	-0.326745159144103	NA
TMEM80	-22.8943185050659	NA	UTR	-0.404176592429935	NA
TMEM81	-23.015971989953	NA	Intron	-1.15989870081564	NA
TMTC2	-5.33707185528006	NA	Intergenic	0.600274416854213	NA
TMX3	7.95958276487784	NA	Intron	-0.179517114893167	NA
TNIP2	0.317266373425484	NA	Intron	-0.73273994779332	NA
TNPO3	-9.16630961625116	NA	Intron	-0.268224061189528	NA
TNR	7.63877292173809	0.129029310335431	Intergenic	0.384045978433771	NA
TNS1-AS1	6.64170213390719	NA	Intron	-0.133131562546599	NA
TOM1L1	-5.46065396625637	NA	Intergenic	-0.352318517854754	NA
TOR1AIP1	-18.8422222897499	NA	Intron	-0.190099441819385	NA
TOR3A	-7.88190499195331	0.0438184328867156	UTR	-0.58806982669556	NA
TOX-DT	4.78929443830483	NA	Intron	-0.860298483314481	NA
TP53I11	8.58074478747685	NA	Intron	-0.694906610940906	NA
TP53I3	-22.3987762497162	NA	Intron	0.187987000078828	NA
TPPP3	0	1	Promoter	-1.23224422977717	NA
TRAPPC10	-15.0688108675747	NA	Intron	-0.0947796913872393	NA
TRAPPC6B	1.22533892976115	NA	Exon	-0.0971141815010347	NA
TRD-AS1	-8.12953110953505	NA	Exon	-0.398982478351918	NA
TRIM14	7.1278921797172	NA	Intron	-1.25273102685993	NA
TRIM2	0.956797514378985	NA	Intergenic	0.0774847858669032	NA
TRIM24	-0.719278551610829	1	Intron	-0.0904963106246698	NA
TRIM32	8.52806631822469	NA	Promoter	-0.226575934654012	NA
TRIM35	13.5552703119344	NA	Intron	-0.0442062246701973	NA
TRIM36	20.2207126704612	NA	Intron	-0.355075119567127	NA
TRIM67	0.450901207258861	NA	Intergenic	0.0654901689851577	NA
TRPM4	8.42645957982954	NA	UTR	-0.133240082279148	NA
TRPS1	-0.747019353764763	NA	Intron	0.186153890689697	NA
TSBP1-AS1	-0.459000516519842	NA	Intergenic	0.374965547138045	NA
TSG101	5.95087017233404	0.0830378732942949	Promoter	-0.282533547400425	NA
TSHZ2	-3.67427547255438	NA	Intron	0.190272357275037	NA
TSKU-AS1	0	1	Intergenic	-0.583276175002616	NA
TSNARE1	9.65994732558459	NA	Intergenic	0.240745442918555	NA
TSSK6	14.6271846747061	NA	UTR	-0.39431651810703	NA
TTC19	8.60628398036619	NA	Intron	-0.336257088360627	NA
TTC28-AS1	-8.07517478083449	0.0661971294036234	Intron	0.020992127628885	NA
TTC39A	0.276730651915367	1	Intron	-0.163740337943839	NA
TUBB6	-4.88564231605882	NA	Intron	-1.09146617077155	NA
TUG1	0	NA	Intergenic	0.0580244787931452	NA
TUSC7	-8.08374503724729	NA	Promoter	-0.192755884805092	NA
TXNDC9	2.37541865740585	NA	Intron	-0.667849036647105	NA
TYK2	8.18343173567875	NA	Intron	-0.392839277559873	NA
TYRO3	21.3895670430649	NA	Promoter	-0.421843111200648	NA
TYW3	-22.2658459905814	NA	Intergenic	-0.49284459703262	NA
UACA	2.06196363049504	NA	Intergenic	-0.384113333459963	NA
UBA7	2.25421073970723	NA	Intergenic	-0.5238496919431	NA
UBE2V1	9.17487540158363	0.0684403361298751	Intron	-0.377366388794391	NA
UBE2V2	-5.660813375137	NA	Intron	-0.567087227879984	NA
UBQLN2	3.14800913951974	NA	Intergenic	-0.757156340062111	NA
UBXN2B	-23.5935761871182	NA	Intergenic	0.0130025700913831	NA
UCHL5	-7.46901779464599	NA	Promoter	-0.528369184015725	NA
UCP3	-20.2738723838021	NA	Exon	-0.825701844704859	NA
UFD1	-1.53184307612046	1	Intron	-0.581792451191471	NA
UGT8	-14.7182106171197	NA	Intron	-0.357927622227994	NA
UHRF2	-7.7989769629063	0.0703199846383976	Intergenic	-0.1368806817778	NA
ULK4	3.49698124089819	NA	Intron	-0.0168412874420418	NA
UNC13A	8.70371839962452	NA	Intron	-0.28820796272386	NA
UNC45A	1.46529895810782	NA	Promoter	-0.132902825018298	NA
UNC5A	8.78322273985803	NA	Intron	-1.16784143720303	UNC5A
UNC5C	0	NA	Intron	0.0804209495310948	NA
UNC93B1	1.27831803148804	NA	Exon	-0.820509387548412	NA
UPF1	7.54305279994886	NA	Intron	-0.0240964695709181	NA
UPF3B	-0.784494629116366	NA	UTR	-0.477129160658807	NA
UQCC1	-9.06849302311564	NA	Intron	0.0763147301891257	NA
USH2A	-8.18326007417209	0.100054230970964	Intron	0.972627163384492	USH2A
USP15	6.63327132720719	NA	Intron	-0.0416541850554168	NA
USP19	1.67429772491443	NA	Promoter	0.266004392571403	NA
USP45	1.46766941260788	NA	Intron	-0.0410874057027689	NA
USP5	-0.412420182834565	NA	Promoter	-0.547221043354214	NA
UST	-6.48147070063096	NA	Intergenic	0.448212363091017	NA
UTP20	-4.21317733319627	NA	Intergenic	-0.413734186572095	NA
UTRN	21.6036673211161	NA	Exon	0.419814678610418	NA
UVRAG	2.82623196528538	NA	Intron	0.138541112543658	NA
VAMP9P	-7.45863952881967	NA	Exon	0.235957748219558	NA
VAX2	-6.02259858439841	NA	Intron	-0.0387648224362915	NA
VDAC3	8.97011417915672	NA	Intron	-0.700048605226582	NA
VGLL4	0.702515604937178	NA	Intron	0.121828905013214	NA
VPS37C	-21.6895883587779	NA	Intron	-0.181210694183745	NA
VPS41	-1.29813572217773	NA	Intron	0.310609512582388	NA
VWA8-AS1	1.2670027554313	NA	Intron	-0.11587066452836	NA
VWDE	17.2901101496643	NA	Intron	1.06542070631156	NA
WARS2	-8.14446146312339	NA	Intron	0.171780204652172	NA
WASF1	0.282635287483616	NA	Intron	-0.176914989814899	NA
WDFY3	-8.01647011931893	NA	Intron	0.150701708958678	NA
WDR1	-5.00746791285887	NA	Intron	-0.174540451512673	NA
WDR3	1.8440739010366	NA	Intron	-0.417782004518307	NA
WDR35	-20.9019943044367	NA	Intron	-0.331413038727977	NA
WDR59	-5.93037585043862	NA	Intron	0.181135325045772	NA
WNK3	-18.982789183434	NA	Promoter	-0.265717893516354	NA
WNT7A	-2.97571234803615	NA	Intron	0.554284455087067	NA
XKR4	8.03831705307814	NA	Intron	0.156822684544838	NA
XNDC1N	-7.17201259729391	NA	Intron	-0.510093449707763	NA
XPNPEP1	-6.32478262442173	NA	Exon	-0.0340748703924265	NA
XRN2	-15.3132726624786	NA	Intron	-0.201603714845785	NA
XXYLT1	6.79177337950123	NA	Exon	-0.167889865152026	NA
YES1	-0.685069761322416	1	Intergenic	-0.110809748193334	NA
YKT6	-8.05272759528985	NA	UTR	-0.383974834756803	NA
YPEL1	0.306808388844861	NA	Intergenic	-0.710468008426096	NA
YTHDF2	-7.79345232915553	NA	Intergenic	-0.475389480906206	NA
YY1AP1	5.65181982257112	NA	Promoter	-0.126408118622988	NA
ZBED5-AS1	0.0757186720016573	NA	Exon	0.406386031381121	NA
ZBTB2	-17.8233741211405	NA	Intergenic	-0.154213483396291	NA
ZBTB20-AS5	-6.41915012639368	NA	Intron	-0.0650537743501828	NA
ZBTB38	0	1	Intron	-0.538787501284348	NA
ZBTB44	-7.49734837809527	0.0379252716199222	Intron	0.0443150041583416	NA
ZBTB7C	1.79008638597363	NA	Intron	0.756412149733249	NA
ZC3H12D	-3.80769874776729	NA	Intron	0.180997216703733	NA
ZC3H6	-0.511710331138743	NA	UTR	-0.429568813339369	NA
ZC3HC1	-8.78355216155536	0.058168354034424	Intergenic	-0.41943601499714	NA
ZCRB1	-16.7299620282399	NA	Intron	-0.818141330079405	NA
ZDHHC17	0	1	Intron	0.0691827122105138	NA
ZDHHC20	-6.73980818489561	NA	Intron	-0.202160409292311	NA
ZDHHC23	-23.718491110597	NA	Intron	0.304410577747312	NA
ZFHX3-AS1	-8.16646758742789	NA	Intron	-0.731270059390361	NA
ZFHX4	-7.67082720111472	NA	Intron	0.114202094664737	NA
ZFP2	-7.76623396371839	NA	Promoter	-0.227018126854569	NA
ZFP69B	-5.40076513897517	NA	Intron	-0.373403528366717	NA
ZFYVE9	0.80195641475801	1	Intron	-0.14428454323838	NA
ZHX1-C8orf76	1.23847685626402	NA	Intron	0.363192801133831	NA
ZMYND8	-22.0285258059716	NA	Intergenic	-0.405785578399099	NA
ZNF12	0.591715062525408	NA	Intron	-0.227578013370776	NA
ZNF14	-6.52622887766385	NA	Promoter	0.00553592690843349	NA
ZNF181	0.236985053248373	NA	Intergenic	-0.222234087808816	NA
ZNF235	-2.10141169291889	NA	Promoter	0.17554543444736	NA
ZNF267	14.7112286688778	NA	Exon	-0.745699534345807	ZNF267
ZNF277	-0.685076278971983	1	Exon	0.00653108188866408	NA
ZNF281	-7.03290166023766	NA	Intron	-0.531532769718173	NA
ZNF282	-2.47396987436903	NA	Intron	0.0593399284949609	NA
ZNF295-AS1	-7.66723926305431	NA	Promoter	-0.328829286076393	NA
ZNF316	-7.65898549590114	0.0698991258754452	Intron	-0.394724346978868	NA
ZNF383	7.14570645928115	NA	Promoter	0.186875037136254	NA
ZNF385D	-7.95774942058874	NA	Intergenic	0.60595152364958	NA
ZNF395	-2.85958599864702	NA	Intron	-0.569895729200818	NA
ZNF397	1.14293779182401	NA	Intergenic	-0.049156194711578	NA
ZNF404	7.9735946323075	NA	Promoter	-0.393973474386757	NA
ZNF414	-3.61911108801411	NA	Promoter	-0.483111647080435	NA
ZNF429	1.23846215739827	1	Exon	-0.281354516059218	NA
ZNF493	-7.86336909539492	NA	UTR	0.0937697146460813	NA
ZNF507	9.15102098626605	NA	Intergenic	-0.147392393839022	NA
ZNF510	16.6588533036678	NA	Intron	-0.234059067823572	NA
ZNF518B	-5.02855472422149	NA	Intron	1.1021566164038	NA
ZNF587B	6.02556699780117	NA	Promoter	0.439865265181482	NA
ZNF599	-2.09484359999819	NA	Intergenic	-0.0103715374197922	NA
ZNF608	7.73851021151198	NA	Intergenic	0.0751120987074418	NA
ZNF626	2.63478905620454	NA	Intron	-0.0608895457165808	NA
ZNF664	6.67466559805055	0.073499828805595	Exon	0.0624259122495438	NA
ZNF678	-1.13920447678472	NA	Intron	-0.271091211893592	NA
ZNF704	-2.684236678056	NA	Intron	-0.449770691262627	NA
ZNF74	6.95719308763968	NA	Promoter	-0.311115001796822	NA
ZNF800	-22.1431118495458	NA	Intron	-0.14733551338306	NA
ZNF804B	-7.88310761502897	NA	Intron	-0.0234592382983767	NA
ZNF829	7.4451165576786	NA	Promoter	-1.17353600179569	NA
ZNF862	21.1724910531558	NA	Intron	-0.0120194504976381	NA
ZNF92	1.04890138377083	NA	Intergenic	-0.64730592285214	NA
ZNF99	6.64129392497011	NA	Intergenic	-0.568004961669865	NA
ZNHIT6	3.47011029398375	NA	Intron	-0.263186384390904	NA
ZNRF2	-1.46006816936238	NA	Intron	-0.27188118448749	NA
ZRANB3	-5.93895923651831	NA	Intron	-0.471944977478064	NA
ZSCAN1	-8.96524368846478	NA	Promoter	-0.546197061369997	NA
ZSCAN25	-21.4405116609786	NA	Intergenic	-0.202111426496864	NA
ZSCAN31	-0.685078023266537	1	Promoter	-0.515022526402492	NA
ZZEF1	-3.85708474321597	NA	Intron	0.240285672562921	NA
